,TF_0,TF_1,TF_2,TF_3,TF_4,TF_5,TF_6,TF_7,TF_8,TF_9,TF_10,TF_11,TF_12,TF_13,TF_14,TF_15,TF_16,TF_17,TF_18,TF_19,TF_20,TF_21,TF_22,TF_23,TF_24,TF_25,TF_26,TF_27,TF_28,TF_29,TF_30,TF_31,TF_32,TF_33,TF_34,TF_35,TF_36,TF_37,TF_38,TF_39,TF_40,TF_41,TF_42,TF_43,TF_44,TF_45,TF_46,TF_47,TF_48,TF_49,TF_50,TF_51,TF_52,TF_53,TF_54,TF_55,TF_56,TF_57,TF_58,TF_59,TF_60,TF_61,TF_62,TF_63,TF_64,TF_65,TF_66,TF_67,TF_68,TF_69,TF_70,TF_71,TF_72,TF_73,TF_74,TF_75,TF_76,TF_77,TF_78,TF_79,TF_80,TF_81,TF_82,TF_83,TF_84,TF_85,TF_86,TF_87,TF_88,TF_89,TF_90,TF_91,TF_92,TF_93,TF_94,TF_95,TF_96,TF_97,TF_98,TF_99
Gene_100,0.0,0.0,0.0,0.0,0.0,0.0,0.0,0.0,0.0,0.0,0.0,0.0,0.0,0.0,0.0,0.0,0.0,0.0,0.0,0.037654943442813005,0.0,0.0,0.0,0.0,0.0,0.0,0.0,0.0,0.0,0.10944018091657379,0.0,0.0,0.0,0.0,0.025284284048217313,0.0,0.0,0.0030473789444803133,0.0,0.0,0.0,0.0,0.0,0.0,0.011369089778090253,0.4482142754237995,0.0,0.0,0.0,0.0,0.0,0.0,0.0,0.0,0.6961240436090825,0.0,0.0,0.0,0.0,0.0,0.0,0.0,0.12332707953729209,0.0,0.0,0.0,0.0,0.0,0.0,0.1536263573634944,0.0,0.06635726885764347,0.0,0.020925149100373273,0.0,0.0,0.0,0.07740266512020239,0.0,0.0,0.6380771268022805,0.0,0.0,0.3589489655457271,0.0,0.0,0.0,0.0,0.0,0.19257187185039343,0.0,0.0,0.0,0.349833874729531,0.0,0.0,0.0,0.0,0.0,0.0
Gene_101,0.0,0.0,0.0,0.0,0.0,0.0,0.0,0.0,0.0,0.0,0.0,0.0,0.0,0.0,0.0,0.0,0.0,0.0,0.0,0.0,0.0,0.0,0.757979673133347,0.0,0.0,0.0,0.0,0.0,0.0,0.0,0.0,0.0,0.0,0.0,0.0,0.0,0.0,0.0,0.0,0.0,0.0,0.0,0.0,0.0,0.0,0.0,0.0,0.0,0.0,0.0,0.0,0.0,0.0,0.0,0.0,0.0,0.0,0.0,0.0,0.0,0.0,0.0,0.0,0.0,0.0,0.0,0.0,0.0,0.0,0.0,0.0,0.0,0.0,0.0,0.0,0.0,0.0,0.0,0.0,0.0,0.0,0.0,0.0,0.0,0.0,0.0,0.0,0.0,0.0,0.0,0.09897286037550171,0.0,0.0,0.0,0.36280792083602875,0.0,0.0,0.0,0.0,0.0
Gene_102,0.029819987786380557,0.0,0.0,0.1752743481416574,0.0,0.0,0.0,0.0,0.0,0.0,0.0,0.0,0.0,0.02640290761002271,0.0,0.15085115535608426,0.0,0.06100225977987159,0.0,0.0,0.11225262149317429,0.0,0.0,0.0,0.031096823987603585,0.0,0.8902870550600422,0.0,0.0,0.0,0.7639216040900147,0.0,0.1323431603125157,0.0,0.0,0.0,0.0,0.0,0.0,0.0,0.0,0.0,0.0,0.0,0.0,0.028777067937896045,0.03641180738439627,0.0,0.0,0.0,0.0,0.0,0.0,0.0,0.14969264644040764,0.0013444802441719796,0.0,0.0,0.0,0.0,0.0,0.0,0.0,0.0,0.0,0.0,0.056998727590762126,0.0,0.0026703526602292805,0.0,0.0,0.0,0.0,0.27271499593508725,0.1718196054504411,0.0,0.0,0.0,0.0,0.0,0.0,0.0,0.01152986810606679,0.0,0.0,0.0,0.0,0.0,0.0,0.0621660844048089,0.0,0.0,0.0,0.0,0.0,0.0,0.0,0.0,0.0,0.0
Gene_103,0.0,0.0,0.0,0.0,0.0,0.0,0.0,0.0,0.0,0.0,0.0,0.03910666931690628,0.0,0.0,0.0,0.0,0.0,0.0,0.0,0.0,0.0,0.0,0.0,0.1665379960233836,0.025051333359593506,0.0,0.0,0.0,0.0,0.0,0.0,0.0,0.0,0.0,0.0,0.04440379550178193,0.0,0.0,0.0,0.0,0.0,0.0,0.0,0.06331490278548545,0.0,0.0,0.0,0.0,0.0,0.0,0.0,0.0,0.7943638705801974,0.0,0.0,0.0,0.0,0.0,0.0,0.03571199118503123,0.0,0.0,0.0,0.0,0.1445655993224801,0.0,0.0,0.0,0.0,0.0,0.0,0.0,0.0,0.0,0.0,0.5195343973249182,0.0,0.0,0.0,0.0,0.0,0.0,0.0,0.0,0.0,0.0,0.0,0.0,0.0,0.0,0.0,0.0,0.0,0.0,0.0,0.0,0.0,0.0,0.0,0.0
Gene_104,0.0,0.0,0.0,0.0,0.0,0.0,0.0,0.0,0.0,0.0,0.738019652246079,0.0,0.0,0.0,0.0,0.0,0.0,0.0,0.0,0.0,0.0,0.1773933146783697,0.0,0.04511941941002973,0.0,0.0,0.0,0.0,0.0,0.06803853374052829,0.0,0.055640416583208605,0.0,0.0,0.06470469952742695,0.0,0.0,0.0,0.0,0.2785231688965841,0.0,0.06825333193538301,0.08985317306628417,0.0,0.2280782328702583,0.1086245694434119,0.05192011652293184,0.04611756751606244,0.0,0.0,0.06102337779563371,0.0,0.0,0.0,0.0,0.0,0.0,0.018017411773649707,0.7331737623914586,0.02823812075030204,0.0,0.0,0.0,0.0,0.0,0.056146651382498476,0.0,0.0,0.0,0.0,0.0,0.10148658428050689,0.43192315614277177,0.0,0.0,0.0,0.0,0.0,0.0,0.0,0.0,0.0,0.0,0.30698137034766215,0.0,0.860143336937476,0.0,0.0,0.0,0.0,0.0,0.0,0.0,0.0,0.0,0.0,0.0,0.0,0.0,0.0762041838018594
Gene_105,0.0,0.0,0.0,0.0,0.0,0.0,0.0,0.0,0.0,0.0,0.0,0.0,0.0,0.03656134385271279,0.0,0.0,0.0,0.0,0.10720144210751946,0.0,0.0,0.0,0.0,0.0,0.0,0.0,0.0,0.0,0.0,0.0,0.0,0.0,0.0,0.0,0.0,0.0,0.0,0.0,0.0,0.0,0.0,0.0,0.0,0.0,0.0,0.0,0.0,0.0,0.0,0.11877918138524768,0.0,0.0,0.0,0.36617126792626603,0.0,0.0,0.0,0.0,0.0,0.0,0.0,0.0,0.0,0.9402607752043873,0.0,0.0,0.0,0.0,0.0,0.0,0.0,0.6268542065651466,0.023207358437528577,0.0,0.0,0.0,0.0,0.0,0.0,0.06919428154002803,0.0,0.0,0.0,0.0,0.0,0.0,0.0,0.7353576227805136,0.0,0.0,0.0,0.0,0.0,0.0,0.0,0.0,0.02528756741969154,0.0,0.0,0.0
Gene_106,0.0,0.0,0.0,0.0,0.0,0.0,0.0,0.0,0.5938975182819412,0.0,0.0,0.0,0.0,0.0,0.06171778060177905,0.13797128667212813,0.0,0.0,0.0,0.0,0.0,0.007690870824491859,0.0,0.0,0.0,0.0,0.0,0.16767842221445148,0.0,0.0,0.0,0.021448549173767244,0.0,0.0,0.0,0.009168217118170183,0.0,0.0,0.0,0.0,0.0,0.0,0.0,0.0,0.0,0.004082730373738314,0.0,0.0,0.0,0.14325186061514386,0.0,0.0,0.0,0.0,0.0,0.0,0.0,0.0,0.0,0.03654619501227939,0.0,0.0,0.0,0.0,0.03884592449216725,0.0,0.0,0.0,0.0,0.0,0.0,0.0,0.0,0.0,0.0,0.0,0.0,0.0,0.0,0.0,0.0,0.0,0.06663431194397891,0.22837672936659204,0.3276238862319793,0.0,0.011489471460683763,0.0,0.12287223302613641,0.0,0.018590755760457878,0.0,0.0,0.0074712413896228114,0.0,0.0,0.0,0.0,0.0,0.04971979960688341
Gene_107,0.0,0.0,0.0,0.0,0.0,0.0695628704760313,0.0,0.0,0.0,0.0,0.0,0.0,0.0,0.0,0.0,0.0,0.33399696897306164,0.0,0.0,0.0,0.0,0.0,0.0,0.0,0.0,0.0,0.0,0.0,0.0,0.0,0.0,0.0,0.0,0.13552743269863068,0.0,0.0,0.0,0.0,0.0,0.5312705367961865,1.0343674534092437,0.0,0.0,0.0,0.0,0.012364870729089468,0.0,0.0,0.0,0.0,0.029447415285468993,0.02402529010345616,0.0,0.0,0.0,0.0,0.0,0.05836889958929715,0.2988532150982702,0.0,0.0,0.0,0.015299866584775121,0.0,0.7332153532793965,0.0,0.4527812445530132,0.0,0.0,0.0,0.0,0.0,0.0,0.0,0.0,0.0018661114635966669,0.0,0.0,0.0,0.0,0.0,0.040777385781585206,0.0,0.0,0.06817396080415372,0.004213190561222043,0.0,0.0,0.02551213261629947,0.0,0.0054554918378221726,0.0,0.0,0.0,0.0,0.0,0.0,0.0,0.0,0.0
Gene_108,0.0,0.16541423369004435,0.0,0.0,0.0,0.0,0.0,0.0,0.0,0.0,0.0,0.0,0.0,0.0,0.0,0.0,0.0,0.0,0.06362262945472387,0.0,0.0,0.0,0.0,0.0,0.0,0.0,0.0,0.0,0.0,0.0,0.1866412730123105,0.0,0.0,0.0,0.0,0.06138653087541726,0.0,0.0,0.010558428512862225,0.0,0.0,0.0,0.0,0.0,0.0014223310847604512,0.0,0.0,0.0,0.0,0.0,0.0,0.0,0.0,0.0,0.14826927666714138,0.0,0.0,0.0,0.0,0.14233477991900306,0.0,0.0,0.0,0.09552770248259869,0.0,0.0,0.026417629113074454,0.0,0.0,0.0,0.0,0.0,0.0,0.0,0.0,0.0,0.0,0.0,0.0,0.4615246829014883,0.0,0.0,0.0,0.0,0.0,0.7864699109716465,0.0,0.0,0.0,0.0,0.0,0.03013899845528048,0.0,0.047541706157142725,0.0,0.0,0.043531733934715496,0.6368785058984072,0.0,0.0
Gene_109,0.0,0.0,0.0,0.0,0.0,0.0,0.0,0.0,0.0,0.0,0.0,0.0,0.0,0.0,0.0,0.0,0.0,0.0,0.0,0.0,0.0,0.0,0.0,0.0,0.0,0.0,0.0,0.0,0.0,0.0,0.0,0.0,0.21361187243470578,0.0,0.0,0.0,0.0,0.0,0.0,0.0,0.0,0.0,0.0,0.0,0.0,0.0,0.0,0.0,0.0,0.0,0.0,0.0,0.0,0.0,0.0,0.0,0.0,0.0,0.0,0.0,0.0,0.0,0.0,0.0,0.0,0.0,0.0,0.0,0.0,0.7603150771011747,0.0,0.0,0.0,0.0,0.0,0.0,0.0,0.0,0.40057561310865664,0.0,0.0,0.0,0.0,0.0,0.0,0.0,0.0,0.0,0.0,0.0,0.0,0.0,0.0,0.0,0.0,0.0,0.0,0.0,0.0,0.0
Gene_110,0.0,0.0,0.0,0.0,0.8212835548977283,0.0,0.05524419763669634,0.0,0.26108573416270675,0.0,0.0,0.0,0.0,0.0,0.0,0.0,0.27074027577707094,0.0,0.0,0.0,0.0,0.067061154846254,0.0,0.0,0.0,0.0,0.0,0.09026876666285485,0.0,0.27541557889140306,0.0,0.0,0.0,0.0,0.0,0.0,0.0,0.0,0.0,0.0,0.0,0.0,0.0,0.0,0.0,0.0,0.0,0.0,0.10102720815630893,0.0,0.06371790851575948,0.0,0.0,0.0865534174518719,0.0,0.0,0.0,0.0,0.0,0.0,0.5232949526877374,0.0,0.0,0.0,0.09100836157378439,0.0,0.33440222260245706,0.008221587139489447,0.0,0.0,0.0,0.0,0.060774788620356596,0.0,0.0,0.0,0.03907160451249678,0.0,0.0,0.0,0.0,0.0,0.0,0.015988409735389095,0.0,0.004418619549608103,0.0,0.0,0.0,0.0,0.0,0.07859126481557474,0.0,0.08059125621371471,0.0,0.2973486145326717,0.0,0.0,0.0,0.0
Gene_111,0.45476524407137425,0.0,0.0,0.0,0.0,0.0,0.0,0.5498349710707899,0.0,0.07354982995497374,0.0,0.0,0.0,0.0,0.27389774307981357,0.0,0.027471240193912862,0.0,0.0,0.0,0.0,0.0,0.0,0.0,0.0,0.0,0.0,0.0,0.0,0.0,0.3124489927884856,0.0,0.0,0.04707040483799106,0.0,0.0,0.0,0.0,0.0,0.0,0.0,0.0,0.0,0.0,0.0,0.0,0.0,0.07113363758154116,0.0,0.0,0.0,0.0,0.0,0.0,0.0,0.0,0.0,0.035342962457814694,0.0,0.0,0.0,0.0,0.0,0.0,0.0,0.0,0.0,0.0,0.0,0.0,0.15101441301270463,0.0,0.0,0.0,0.0,0.0,0.0,0.0,0.0,0.0,0.0,0.0,0.0,0.0,0.0,0.091058664816848,0.27790524016683094,0.0,0.02232809936926355,0.0,0.0,0.0,0.0,0.0,0.0,0.4760246414549966,0.0,0.0,0.0,0.0
Gene_112,0.0,0.0,0.0,0.0,0.0,0.25655792422691276,0.001604658198856086,0.0,0.0,0.0,0.0,0.0,0.0,0.0,0.0,0.0,0.0,0.0,0.0,0.0,0.02280344348488356,0.0,0.0,0.0,0.0,0.04520537790637701,0.0,0.0,0.0,0.0,0.0,0.0,0.0,0.0,0.0,0.0,0.0,0.0,0.0,0.0,0.0,0.0,0.0,0.029835041896296197,0.0,0.0,0.0,0.0,0.0,0.0,0.0,0.0,0.0,0.0,0.010987138416918915,0.0,0.0,0.0,0.0,0.0,0.0,0.0,0.0,0.10936615621251004,0.0,0.0,0.0,0.0,0.0,0.0,0.07317514331015218,0.0,0.0,0.0,0.0,0.0,0.0,0.0,0.0,0.0,0.0,0.0,0.0,0.0,0.0,0.31623740606098394,0.0,0.0,0.0,0.0,0.0,0.3395671374095178,0.0,0.0,0.0,0.0,0.0,0.0,0.0,0.0
Gene_113,0.0,0.0,0.0,0.0,0.0,0.0,0.0,0.0,0.0,0.0,0.0,0.0,0.0,0.0,0.0,0.0,0.0,0.5957657444016731,0.0,0.0,0.0,0.0,0.0,0.0,0.0,0.0,0.0,0.005212395186824353,0.12207027853922688,0.0,0.0,0.0,0.0,0.0,0.0,0.0,0.0,0.0,0.0,0.0,0.0,0.0,0.0,0.0,0.0,0.04846376408641437,0.0,0.0,0.0,0.0,0.0,0.0,0.0,0.0,0.0,0.0,0.0,0.0,0.0,0.0,0.0,0.0,0.0,0.0,0.0,0.3944740594662272,0.0,0.0,0.0,0.0,0.0,0.2781175501281076,0.0,0.0,0.0,0.0,0.0,0.18186290369299507,0.0,0.0,0.0,0.0,0.0,1.0885332913466337,0.0,0.005241729927801267,0.12561592326940474,0.0,0.0,0.0,0.0,0.0,0.0,0.0,0.0,0.0,0.023667978860307064,0.0,0.0,0.0
Gene_114,0.0,0.0,0.0,0.0,0.0,0.0,0.0,0.0,0.0,0.0,0.0,0.0,0.0,0.0,0.0,0.0,0.0,0.0,0.0,0.0,0.0,0.0,0.0,0.0,0.0,0.0,0.0,0.0,0.0,0.0,0.0,0.0,0.0,0.37311871964555704,0.0,0.0,0.0,0.0,0.0,0.028913211630641342,0.0,0.0,0.49472932514141166,0.0,0.0,0.0,0.0,0.0,0.0,0.0,0.0,0.0,0.0,0.0,0.0,0.0,0.0,0.0,0.0,0.0,0.0,0.0,0.0,0.0,0.0,0.0,0.01883747218453653,0.0,0.0,0.0,0.0,0.0,0.0,0.0,0.0,0.0,0.07209507100171597,0.0,0.0,0.0,0.0,0.0,0.0,0.0,0.0,0.0,0.04382579392862399,0.0,0.0,0.0,0.0,0.0,0.02286985573196688,0.0,0.0,0.0,0.0,0.0,0.0,0.0
Gene_115,0.0,0.0,0.0,0.0,0.0,0.0,0.0,0.0,0.0,0.0,0.0,0.0,0.0,0.0,0.4166894314108404,0.0,0.0,0.0,0.0,0.0,0.0,0.0,0.0,0.0,0.0,0.0,0.0,0.05988823969441835,0.0,0.0,0.0,0.0,0.0,0.0,0.0,0.0,0.0,0.0,0.0,0.0,0.0,0.0,0.03761416077018866,0.0,0.0,0.0,0.0,0.0,0.019197055462624138,0.0,0.0,0.0,0.0,0.0,0.0,0.05653795705587183,0.0,0.0,0.0,0.0,0.0,0.0,0.0,0.0,0.0,0.0,0.0,0.0,0.0,0.0,0.40414900842622326,0.0,0.0,0.0,0.2626426361534682,0.0,0.0,0.0,0.0,0.0,0.0,0.0,0.0,0.0,0.0,0.0,0.0,0.00040154140360172604,0.0,0.0,0.0,0.0,0.0,0.0,0.0,0.0,0.0,0.04960339515140509,0.0,0.0
Gene_116,0.0,0.44086412579005696,0.0,0.0,0.0,0.04422457944453839,0.04940405883079961,0.0,0.0,0.0,0.0,0.0,0.0,0.0,0.0,0.0,0.0,0.0015255828697253546,0.08646219578056434,0.0,0.0,0.0,0.0,0.0,0.0,0.0,0.0,0.0,0.0,0.1231108429454669,0.0,0.0,0.0,0.0,0.0,0.02110244814820163,0.0,0.0,0.0,0.0,0.0,0.0,0.0,0.0,0.0,0.0,0.0,0.0,0.0,0.0,0.0,0.0,0.0,0.0,0.0,0.0,0.0,0.04572689522185464,0.0,0.0,0.0,0.0,0.0,0.0,0.0,0.0,0.0,0.0,0.0,0.0,0.03765583945720669,0.0,0.05036054730214706,0.048638122537091606,0.0,0.0,0.0,0.0,0.0,0.0,0.0,0.0,0.09155841137423469,0.0,0.06481691543363761,0.0,0.0,0.43974034325514044,0.0,0.0,0.0,0.0,0.0,0.0,0.0,0.0,0.0,0.007752436624348956,0.0,0.0
Gene_117,0.0,0.0,0.0,0.0,0.0,0.43246582374151493,0.0,0.0,0.0,0.0,0.0,0.0,0.0,0.0,0.09714776533622348,0.0,0.0,0.0,0.0,0.0,0.40124129064032454,0.0,0.0,0.0,0.0,0.18935165417406635,0.0,0.0,0.0,0.0,0.0,0.0,0.0,0.0034173078600444394,0.0,0.0,0.0,0.0,0.0,0.0,0.0,0.0,0.0,0.0,0.0,0.0,0.0,0.0,0.0293418610572817,0.0,0.0,0.0,0.0,0.0,0.0,0.0,0.0,0.0,0.0,0.0,0.0,0.0,0.0,0.030829922254290168,0.0,0.0,0.023562437081016973,0.0,0.0,0.0,0.05704701764294897,0.0,0.018302411832910585,0.0,0.07107490250459586,0.0,0.0,0.0,0.0,0.0,0.0,0.0,0.002281188828529288,0.01142055834935427,0.0,0.0,0.0,0.0,0.5760739757849412,0.0,0.7617050471912765,0.0,0.0,0.1384540122877771,0.0,0.0,0.0,0.0,0.0,0.0
Gene_118,0.03400708846589207,0.0,0.0,0.048074300869126375,0.0,0.0,0.0,0.0,0.0,0.0,0.0,0.21165831576273078,0.0,0.0,0.0,0.0,0.0,0.0,0.0,0.0,0.0494739263529009,0.0,0.0,0.0,0.0,0.0,0.0,0.0,0.0,0.0,0.0,0.0,0.0,0.0,0.0,0.0,0.0,0.0,0.0,0.0,0.7537700536081001,0.0,0.0,0.0,0.0,0.0,0.6528726383179083,0.0,0.0,0.0,0.0,0.0,0.0,0.0,0.0,0.0,0.0,0.0,0.0,0.0,0.0,0.0,0.0,0.0,0.0,0.0,0.0,0.024644611915610966,0.08906734976987121,0.0,0.0,0.0,0.0,0.0,0.0,0.0,0.0,0.0,0.0,0.08478763427826452,0.03137677132953109,0.0,0.0,0.0,0.0,0.0,0.0,0.012535605322456143,0.0,0.0,0.40532288114018766,0.0,0.0,0.0,0.16880562195596183,0.0,0.0,0.0,0.0,0.0
Gene_119,0.0,0.06623857025442895,0.0,0.0,0.0,0.0,0.0,0.0,0.0,0.0,0.0,0.0,0.40874053860051096,0.0,0.0,0.0,0.0,0.0,0.0,0.0,0.0,0.0,0.1400957998864546,0.0,0.0,0.0,0.0,0.0,0.0,0.0,0.0,0.4033599930714968,0.0,0.0,0.0,0.0,0.0,0.0,0.0,0.0,0.0,0.0,0.0,0.0,0.0,0.0,0.0,0.0,0.0,0.0,0.1864579392323616,0.0,0.0,0.0,0.0,0.0,0.0015650319538812242,0.871830912052131,0.0,0.0,0.0,0.0,0.0,0.0,0.03759478262089255,0.0,0.0,0.0,0.0,0.0,0.0,0.0,0.0,0.0,0.0,0.0,0.0,0.09349913971881146,0.0,0.0,0.0,0.0,0.0,0.029237652044312456,0.0,0.0,0.0,0.0,0.0,0.4765632588346867,0.0,0.0,0.014593932757228815,0.0,0.0,0.22386541370177732,0.0,0.0,0.0,0.0
Gene_120,0.0,0.0,0.8183949398253426,0.08985737014736661,0.0,0.0,0.0,0.0,0.0,0.8680549372777285,0.0,0.0,0.0,0.0,0.0,0.0,0.0,0.0,0.0,0.9234687308667182,0.0,0.00049460922168862,0.0,0.0,0.0,0.0,0.0,0.0,0.0,0.0,0.0,0.0,0.0,0.0,0.0,0.009966653400869597,0.0,0.0,0.08658406614302584,0.0,0.02655849825438712,0.0,0.0,0.0,0.0,0.0,0.0,0.0,0.0,0.0,0.0,0.0,0.0,0.011276474249467013,0.0,0.0,0.0,0.0,0.0,0.0,0.0,0.0,0.0,0.0,0.0,0.033060324825332686,0.0,0.0,0.0,0.0,0.0,0.0,0.004196758327315743,0.0,0.0,0.0,0.0,0.0,0.0,0.0,0.0,0.0,0.0,0.0,0.0,0.0,0.011365407359844643,0.0,0.0,0.0,0.0,0.0,0.06172100246059771,0.0,0.0,0.0,0.0,0.0,0.0,0.0
Gene_121,0.017409860028524907,0.0,0.0,0.0,0.0,0.0,0.0,0.04593268915955603,0.044548228626978326,0.09657362136655143,0.0,0.0,0.0022593264483428935,0.07123728620085817,0.0,0.0,0.0,0.05378406905034532,0.0,0.0,0.09287062827869624,0.0,0.0,0.0,0.0,0.0,0.0,0.0,0.0,0.0,0.13977702151697574,0.0,0.0,0.04341971338493017,0.0,0.0,0.17565711215360394,0.0,0.0,0.0,0.0,0.0,0.0,0.07129489807921778,0.0,0.00966600879238598,0.0,0.0,0.0,0.0,0.08207655613901947,0.0,0.0,0.0,0.0,0.0,0.0,0.0,0.008680879764232012,0.0,0.0,0.0954487466267552,0.0,0.0,0.0,0.0,0.0,0.0,0.002305899258242583,0.0,0.0,0.0,0.0,0.0,0.4388943019390139,0.03707375765431506,0.0,0.0,0.3231612280341141,0.0,0.0,0.0,0.09267025154111751,0.0,0.0,0.0,0.0,0.0,0.0,0.0,0.0,0.0,0.0,0.4489721755477109,0.012625293839427516,0.0,0.0,0.0,0.0,0.03999465912100726
Gene_122,0.0,0.0,0.0,0.0,0.0,0.0,0.0,0.14915987297652214,0.0,0.0,0.0,0.0,0.0,0.0,0.0,0.00316964568331315,0.0,0.0,0.0,0.3419207266791349,0.0,0.0,0.0,0.0,0.0,0.0438010730601707,0.036738590591385456,0.0,0.0,0.020941760741439972,0.0,0.0,0.0,0.0,0.12869201838795757,0.0,0.09570015548254256,0.015740104674458303,0.0,0.0,0.0,0.0,0.4498559654501777,0.0,0.0,0.006881317650108656,0.0,0.0,0.002616917627953637,0.0,0.0,0.146563441468573,0.0,0.0,0.0,0.0,0.0,0.0,0.0,0.0,0.0,0.0,0.0,0.0,0.0,0.0,0.0,0.0,0.015694744209972883,0.0,0.0,0.0,0.0,0.0,0.0,0.0,0.0,0.0,0.0,0.0,0.12615359820015276,0.0,0.0,0.0,0.0,0.0,0.0,0.0,0.0,0.0,0.0,0.0,0.0,0.0,0.0,0.0,0.0,0.0,0.0,0.0
Gene_123,0.0,0.0,0.0,0.0,0.0,0.0,0.0,0.0,0.0,0.0,0.0,0.0,0.0,0.0,0.0,0.058457444955512174,0.45699575261289505,0.0,0.0,0.0,0.0,0.0,0.0,0.0,0.0,0.0,0.0,0.0,0.0,0.0,0.0,0.0,0.0,0.0,0.7065420959018682,0.0,0.0,0.0,0.019112379059680155,0.0,0.17662067584587063,0.0,0.0,0.0,0.0,0.0,0.0,0.0,0.0,0.0,0.5717528988707542,0.0,0.0,0.0,0.0,0.0,0.0,0.08410507465274074,0.0,0.0,0.0,0.0,0.0,0.0,0.0,0.0,0.0,0.0,0.0,0.0,0.0,0.0,0.0,0.0,0.0,0.12189706208001347,0.18208667806847886,0.0,0.0,0.0,0.0,0.0,0.11682562654521782,0.0,0.0,0.0,0.0,0.008850879582887071,0.0,0.0,0.0,0.0,0.0,0.0,0.0,0.0,0.0,0.0,0.0,0.0
Gene_124,0.0,0.0,0.0,0.0,0.18339517886967843,0.10400817334404029,0.0,0.0,0.0,0.0,0.0,0.057020241609772336,0.0,0.0,0.0,0.041783056802604766,0.0,0.0,0.0,0.06902748820736476,0.0,0.0,0.04422842756790028,0.0,0.0,0.0,0.0,0.0,0.0,0.0,0.0,0.5318535930209989,0.0,0.0,0.0,0.0,0.0,0.0,0.0,0.0,0.0,0.0,0.0,0.0,0.0,0.0,0.0,0.0,0.0,0.0,0.0,0.0,0.14524434586288137,0.0,0.027133767374762353,0.0,0.0,0.0,0.0,0.10837299699061195,0.0,0.0,0.0,0.0,0.0,0.0,0.0,0.0,0.0,0.0,0.0,0.015322573258457928,0.029616405297397775,0.5974057699551593,0.0,0.0,0.0,0.0,0.0,0.0,0.03587361035076713,0.0,0.0,0.0,0.0,0.0,0.007706176623824204,0.0,0.01999849876191821,0.0,0.0,0.0,0.018651790057946108,0.0351387032727559,0.0,0.0,0.05471878214203648,0.0,0.0967259065167591,0.0
Gene_125,0.0,0.0,0.0,0.0,0.0,0.0,0.0,0.0,0.03682947606115833,0.0,0.0,0.012405700242312375,0.9172216003465529,0.0,0.0,0.0,0.0,0.0,0.018105726400496153,0.0,0.0,0.0,0.02596246666588338,0.0,0.0,0.026352616395547333,0.0,0.0,0.0,0.0,0.0,0.0,0.052795357848923086,0.05205221696115028,0.0,0.0,0.0,0.0,0.0,0.0,0.0,0.0,0.0,0.0,0.0,0.0,0.0,0.0,0.0,0.0,0.0,0.0,0.0,0.0,0.2757227606568931,0.0,0.0,0.07623410251935626,0.04893123839480427,0.12828228060178998,0.0,0.0,0.0,0.0,0.0,0.0,0.0,0.0,0.0,0.0,0.0,0.0,0.0,0.022646785428545313,0.0,0.0,0.0,0.0,0.0,0.0,0.0,0.0,0.028506056649399928,0.0,0.0,0.0,0.0,0.0,0.0,0.0,0.0,0.0,0.0,0.0,0.0,0.0,0.0,0.0,0.0,0.0
Gene_126,0.0,0.0,0.0,0.0,0.009310722680329524,0.0,0.0,0.11788334060633458,0.0,0.0,0.18718450929548092,0.0014296613971556485,0.0,0.0,0.0,0.0,0.0,0.0,0.06357539639030238,0.0,0.0,0.6172773161346767,0.0,0.0,0.03883838971813149,0.0,0.0,0.0,0.0,0.0,0.0,0.15253167116312902,0.0,0.0,0.6355547720872986,0.07079143587720199,0.0,0.0,0.057380640466688726,0.0,0.0,0.0,0.0,0.03243989079298802,0.0,0.0,0.0,0.0,0.0,0.0,0.008042522610104115,0.01644160631044499,0.0,0.19969340028704605,0.0,0.0,0.0,0.0,0.0,0.0,0.31185913616639893,0.0,0.5258436010557237,0.0,0.0,0.0,0.0,0.0,0.0,0.0,0.0,0.0,0.0,0.0,0.0,0.0,0.0,0.0,0.0,0.0,0.0,0.8357787657037662,0.0,0.0,0.0,0.05389818052150077,0.027514869684675487,0.0,0.0,0.0,0.0929648693665825,0.0,0.010742376734530056,0.0,0.16601242788874263,0.0,0.0,0.0,0.0,0.0
Gene_127,0.0,0.0,0.0,0.0,0.0,0.0,0.0,0.0,0.0,0.0,0.0,0.0,0.0,0.0,0.0,0.0,0.021519215688989794,0.0,0.0,0.0,0.0,0.10845993738658173,0.0,0.0,0.0133551083940378,0.0,0.0,0.0,0.0,0.08347534718547255,0.0,0.0,0.0,0.0,0.0,0.0,0.025420421494901015,0.0,0.0,0.0,0.0,0.0,0.0,0.4334462052498696,0.1662292967602409,0.0,0.1659896673145901,0.0,0.013409559900956334,0.0,0.0,0.0,0.0,0.0,0.0,0.0,0.0,0.0,0.0,0.0,0.0,0.0,0.0,0.02273440018971648,0.0,0.0,0.0,0.0,0.8599474873438584,0.0,0.0,0.0942298979714798,0.0,0.0,0.0,0.4221404031504106,0.0,0.0,0.0,0.0,0.0,0.0,0.0,0.0,0.0,0.019709004933385902,0.0,0.0,0.0,0.0,0.0,0.03351730742563065,0.0,0.022657056432476584,0.0,0.0,0.0,0.0,0.0,0.04301854119129404
Gene_128,0.0,0.0,0.0,0.0,0.0,0.0,0.4239295168806636,0.0,0.0,0.018817852933222225,0.0,0.0,0.0,0.0,0.0,0.0,0.0,0.0,0.030038066863916035,0.0,0.0,0.0,0.027517987021172974,0.0,0.6791656832859894,0.0,0.0,0.0,0.0,0.0,0.0,0.0,0.0,0.0,0.0,0.0,0.0,0.0,0.007111352803669748,0.057102186486832435,0.0,0.0,0.0,0.0,0.0,0.0,0.0,0.0,0.0,0.07231358439854017,0.0,0.0,0.034050017066524996,0.0,0.0,0.0,0.0,0.0,0.0,0.0,0.0,0.0,0.0,0.0,0.0,0.0,0.0,0.0,0.0,0.0,0.0,0.0,0.5016672618181688,0.0,0.0,0.08237859501056301,0.0,0.0,0.0,0.0,0.0,0.0,0.0,0.0,0.0,0.0,0.0,0.0,0.009208062110375243,0.0,0.0,0.0,0.0,0.0,0.0,0.0,0.0,0.008688142498651828,0.0,0.0
Gene_129,0.0,0.0,0.0,0.0,0.024768505693922152,0.0,0.031218966530672212,0.0,0.0,0.0,0.0,0.10195384422854259,0.0,0.0,0.0,0.0,0.0,0.0,0.015765440021031477,0.02251492438944716,0.0,0.0,0.0,0.0,0.0,0.0,0.0,0.0,0.0,0.052107903498471844,0.0,0.14111555785544852,0.0,0.0,0.0,0.0,0.0,0.0,0.0402166877083461,0.0,0.0,0.0,0.0,0.0,0.0,0.0,0.0,0.0,0.0,0.04722265545704171,0.0,0.0,0.0,0.0,0.0,0.0,0.03112933556720254,0.06715217768270418,0.0,0.0,0.0,0.0,0.0,0.0,0.0,0.0,0.0,0.0,0.0,0.006495674882499803,0.0,0.05702389903254116,0.02513602979728401,0.017934861518901717,0.07194164582296847,0.0,0.0,0.0,0.19732260249958788,0.32865140148434446,0.0,0.0,0.0,0.6873794215250387,0.0,0.0,0.0,0.0,0.0,0.0,0.0,0.0,0.0,0.0,0.0,0.0,0.0,0.0,0.31404286520537916,0.08496740066883327
Gene_130,0.0,0.0,0.0,0.0,0.0,0.0,0.0,0.05228137817864057,0.0,0.0,0.0,0.0,0.0,0.0,0.0,0.0,0.0,0.0,0.0,0.0,0.0,0.0,0.0,0.0,0.0,0.774247868243704,0.0,0.0,0.06405308104136187,0.0,0.020338143609273482,0.0,0.0,0.0,0.0,0.0800282053694111,0.0,0.0,0.0,0.0,0.0,0.0,0.0,0.0,0.12951322909676244,0.030026041124324384,0.0,0.09041364009198638,0.02574024042760302,0.0,0.0,0.09204408460314757,0.0,0.17257441253210173,0.07868871478697041,0.0,0.0,0.10568409141398483,0.0247178215836407,0.0,0.0,0.0,0.6055873112185844,0.0,0.0,0.06796272754762436,0.0,0.0,0.0,0.0,0.0,0.056655666218250175,0.03713583035665528,0.20598414510926258,0.0,0.0,0.0,0.0,0.0,0.0,0.0,0.12815904180467932,0.0,0.06865757525066879,0.07393459150785305,0.9318247821773691,0.07004133531335245,0.0,0.0,0.0,0.0,0.0,0.0,0.44615881414023867,0.0,0.0,0.0,0.0,0.0,0.0
Gene_131,0.008000604761910352,0.002901743050878274,0.10162836851914485,0.0,0.06926100747428714,0.049211446559452324,0.0,0.0,0.0,0.0,0.09076361422725933,0.020112613191812536,0.0,0.0,0.0,0.027209912717836557,0.0,0.0,0.0,0.0,0.040466722826165445,0.03885770341530742,0.0,0.0,0.0,0.0,0.1112839085175199,0.0,0.0,0.05398313145181039,0.0,0.0,0.0,0.0,0.0,0.11525064256555345,0.0,0.0,0.0,0.0,0.061089836674164705,0.555602063845182,0.0,0.12961284063675071,0.07775142730674621,0.0,0.02188468141471627,0.0,0.0,0.0,0.0,0.0,0.0,0.07052441272252646,0.0,0.007709336896993692,0.0,0.0,0.5188805354848158,0.0,0.0,0.4512211688620612,0.0,0.0,0.0,0.0,0.0,0.0,0.000791365773680024,0.0,0.0,0.0,0.0,0.0,0.09741831519642509,0.0,0.0,0.0,0.0,0.0,0.0,0.0,0.052865011163489975,0.0,0.0,0.0,0.0,0.037069735045869585,0.02706064241242601,0.01850927701878844,0.0,0.02446507050776855,0.0,0.0,0.0,0.0,0.0,0.0,0.36283542112618034,0.0
Gene_132,0.0,0.0,0.0,0.0,0.0,0.0,0.0,0.11863506620885043,0.0,0.0,0.0,0.0,0.015339298672000708,0.0,0.0,0.07901831138250906,0.0,0.0,0.0,0.2719678713008418,0.0,0.0,0.0,0.0,0.0,0.0,0.0,0.0,0.0,0.0,0.0,0.0,0.0,0.0,0.0,0.0,0.0,0.09516641311492213,0.008780885137742483,0.0,0.0,0.0,0.0,0.008334133814177738,0.0,0.0,0.0,0.02629784232445092,0.15157989817616294,0.0,0.0,0.0,0.0,0.0,0.0,0.0,0.0,0.0,0.0,0.0,0.058012670057067,0.0,0.0,0.0,0.16300669661902314,0.2493286250914504,0.0,0.0,0.12882590829956533,0.0,0.0,0.0,0.7915248214627572,0.0,0.0,0.026628585112504145,0.0,0.0,0.0,0.0,0.0,0.0,0.0,0.0,0.5912095556491676,0.0,0.0,0.0,0.0,0.0,0.0,0.0,0.0,0.013572102840775938,0.0,0.0,0.0,0.0,0.0,0.0
Gene_133,0.0,0.0,0.0,0.0,0.0,0.0,0.0,0.8098790486963181,0.0,0.0,0.0,0.0,0.0,0.0,0.0014598528506098067,0.0,0.0,0.0,0.0,0.0,0.0,0.0,0.0,0.0,0.0,0.2982600606896165,0.0,0.0,0.03124383176727043,0.0,0.0,0.0,0.0,0.0,0.0,0.0,0.0,0.0,0.0,0.0,0.0,0.0,0.0026092037432920642,0.0,0.0,0.0,0.0,0.0,0.21807164986140942,0.0,0.0,0.0,0.0,0.0,0.0,0.0,0.0,0.0,0.0,0.0,0.0,0.0,0.0,0.0,0.0,0.0,0.0,0.0,0.0,0.6324694370611494,0.0,0.0,0.0,0.0,0.058947965867010746,0.0,0.0,0.0,0.0,0.0,0.0,0.0,0.0,0.0,0.0,0.0030188313842396757,0.0,0.0,0.0,0.0,0.0,0.17403205903607108,0.0,0.0,0.0,0.0,0.0,0.0,0.0,0.0
Gene_134,0.0,0.0,0.0,0.0,0.0,0.0,0.0,0.0,0.0,0.0,0.0,0.0,0.7176685433429942,0.0,0.0,0.01127966016246351,0.13717200829519618,0.2346758666080603,0.0,0.8514670552871897,0.0,0.07649032190117207,0.0,0.0,0.0,0.0,0.0,0.0,0.0,0.0,0.0,0.0,0.0,0.0,0.0,0.0,0.0,0.039770394426800505,0.0,0.0,0.0,0.0,0.0,0.0,0.0,0.0,0.0,0.0,0.0,0.0,0.0,0.018678521993292983,0.0,0.0,0.0,0.0,1.05015749912855,0.0,0.0,0.0,0.0,0.04369073049688154,0.04212434551481448,0.0,0.0,0.17146875289543118,0.0,0.0,0.41323227615817076,0.0,0.0,0.0,0.0,0.0,0.0,0.0,0.0,0.01593967811989586,0.0,0.0,0.0,0.0,0.0,0.0,0.0,0.0,0.0,0.0,0.0,0.0,0.0,0.027955557703832134,0.0,0.0,0.0,0.0,0.0,0.0,0.1702306465504394,0.017641724154313643
Gene_135,0.0,0.0,0.0,0.02966557844152983,0.5936428672567506,0.05650545475457765,0.0,0.032754381243574604,0.04402909876810415,0.0,0.0,0.0,0.0,0.0,0.0,0.0018150369569597308,0.0,0.0,0.5532236822863902,0.0,0.5329882974208657,0.21902740269539844,0.0,0.0,0.0,0.19244191087612697,0.0,0.0,0.006347628598664129,0.0002924577882949642,0.0,0.0,0.0,0.0,0.35136497875556405,0.0,0.0,0.0,0.0,0.028295227749704707,0.0,0.0,0.0,0.0,0.00538832986680225,0.0,0.0,0.0,0.0,0.0,0.0,0.0,0.0,0.0,0.24460414042746567,0.0,0.0,0.0,0.03269501908913839,0.0,0.0,0.0,0.0,0.0,0.0,0.0,0.35935517869372696,0.06896605235701002,0.0,0.0,0.0,0.08106545423983602,0.08564011088056744,0.0,0.0,0.0,0.19895534043864355,0.0,0.018849668200591214,0.0,0.0,0.0,0.0,0.0,0.2955823914914031,0.0,0.0,0.19804085840184704,0.06164004293735702,0.0,0.0,0.34938723752827294,0.0,0.3460047444573494,0.0,0.6997231854019397,0.36589082655729677,0.0,0.37950367442420124,0.0
Gene_136,0.0,0.0,0.0,0.0,0.0,0.0,0.0,0.0,0.0,0.0,0.0,0.5653961752781396,0.0,0.0,0.0,0.0,0.0,0.0,0.0,0.0,0.0,0.0,0.0,0.0,0.0,0.0,0.0,0.0,0.0,0.0,0.0,0.0,0.0,0.0,0.0,0.0,0.0,0.0,0.0,0.0,0.0,0.0,0.0,0.0,0.0,0.0,0.0,0.0,0.0,0.0,0.0,0.0,0.0,0.0,0.0,0.0,0.10265792707151924,0.0,0.0,0.0,0.0,0.0,0.0,0.0,0.0,0.0,0.0,0.0,0.0,0.0,0.0,0.0,0.0,0.0,0.0,0.0,0.0,0.0,0.0,0.0,0.0,0.0,0.0,0.0,0.0,0.0,0.0,0.0,0.0,0.0,0.0,0.0,0.0,0.0,0.0,0.0,0.0,0.0,0.0,0.0
Gene_137,0.0,0.2988192281028073,0.03361501587037045,0.0,0.0,0.0,0.012541073324689442,0.0,0.0,0.0,0.044435302194164944,0.0,0.0,0.0,0.0,0.02782330981096831,0.0,0.0,0.0,0.0,0.0,0.0,0.05571142712969722,0.0,0.0,0.0,0.0,0.007883157524281615,0.0,0.0,0.0,0.0,0.0,0.0,0.0,0.0,0.0,0.0,0.2064525903271598,0.0,0.0,0.0,0.0,0.0,0.0,0.0,0.0,0.0,0.0,0.0,0.0,0.014687190800889519,0.0,0.0,0.0,0.0,0.0,0.0,0.0,0.0,7.637728377947184e-05,0.0,0.0,0.0,0.506291152383373,0.0,0.0,0.0,0.0,0.0,0.0,0.0,0.0,0.01003329226136021,0.0,0.0,0.0,0.0,0.0,0.0,0.013187499766041031,0.0,0.0,0.4955137803961101,0.0,0.6203693444666954,0.0,0.0,0.0,0.0,0.0,0.0,0.0,0.0,0.0,0.0,0.0,0.0,0.0,0.0
Gene_138,0.0,0.0,0.0,0.0,0.9953260802206798,0.310798090017159,0.0,1.1698522751059912,0.0,0.0,0.0,0.0,0.0,0.0,0.0,0.05879036313060451,0.0,0.5167572092106196,0.0,0.0,0.0,0.0,0.012273021514244573,0.2347995562110757,0.0,0.06684249256028776,0.0,1.0743857039189129,0.0,0.0,0.650527136444538,0.0,0.010437436971019665,0.32535810831802114,0.0,0.0,0.0,0.01042641064042932,0.003822382191892527,0.0,0.0,0.0864174550599652,0.0,0.09551921621311953,0.0,0.0,0.0,0.0,0.01961016208876128,0.0,0.0,0.0,0.000546241845180546,0.0,0.0,0.0,0.0,0.0,0.0,0.0,0.0,0.039473616689830564,0.1198056354344443,0.0,0.0,0.2937336614575842,0.0,0.0,0.0,0.0,0.012658947448633094,0.02105636226532969,0.0,0.08913521809348976,0.0,0.0,0.0,0.1268232500653186,0.10290904328354998,0.3826738998670559,0.0,0.026399171803321478,0.0,0.0,0.4058864590577999,0.0,0.0,0.07917869192569736,0.0,0.0,0.0,0.0,0.0,0.0,0.23425782303499815,0.0,0.0,0.0,0.0,0.0
Gene_139,0.0,0.0,0.0,0.0,0.0,0.0,0.0,0.0,0.0,0.0,0.0,0.0,0.0,0.0,0.0,0.0,0.0,0.0,0.0,0.0,0.0,0.0,0.0,0.0,0.0,0.0,0.0,0.0,0.0,0.0,0.0,0.0,0.0,0.0,0.0,0.42493217744086126,0.0,0.0,0.0,0.2802149407280229,0.0,0.0,0.0,0.0,0.0,0.0,0.0,0.0,0.0,0.04956568491688045,0.0,0.0,0.0,0.0,0.0,0.0,0.0,0.0,0.0,0.0,0.0,0.0,0.0,0.0,0.0,0.0,0.0,0.0,0.0,0.0,0.0,0.043785863472169034,0.0,0.0,0.03661035989497967,0.0,0.0,0.0,0.0,0.0,0.0,0.0,0.35387366087879857,0.0,0.0,0.0,0.0,0.021790645751627435,0.0,0.0,0.0,0.0,0.0,0.0,0.0,0.0,0.0,0.0,0.0,0.0
Gene_140,0.0,0.0,0.0,0.0,0.0,0.0,0.31118765067833937,0.0,0.15011955007321232,0.011632150121962006,0.0368552272155706,0.0682319239831886,0.0,0.0,0.7010968993585424,0.06789795562316128,0.0,0.06826099571982336,0.0,0.0,0.0,0.11028105549220361,0.0,0.0,0.15668995933469224,0.0,0.05607983078989755,0.0,0.0,0.0,0.0,0.0,0.0,0.028642559753478992,0.0,0.0,0.0,0.0,0.0,0.0,0.0,0.0,0.0,0.0,0.0,0.0,0.0,0.0,0.0,0.0,0.18423909861699211,0.0,0.0,0.0,0.0,0.0,0.24955257954890175,0.0,0.028736461772220088,0.0,0.0,0.20686433317559516,0.0,0.0,0.0,0.0,0.0,0.0,0.0,0.0,0.0,0.0,0.1062627887043741,0.0,0.0,0.11368930194010489,0.0,0.0,0.0,0.0,0.0,8.317489143607304e-05,0.06908729158974608,0.0,0.0,0.08776182171291194,0.0,0.0,0.7073419400346618,0.0,0.0,0.12578372825568987,0.0,0.0,0.0,0.0,0.04374525944270448,0.0,0.0,0.0
Gene_141,0.0,0.0,0.0,0.0,0.020648994706777172,0.021430207695003478,0.0,0.030104390864861705,0.0,0.009263813388525843,0.035166191596613314,0.36655638036364413,0.0435386120316483,0.0,0.0,0.0,0.0,0.01241957351959133,0.0,0.0,0.0,0.05135238354051416,0.0,0.0534213827440713,0.13840989166601042,0.0,0.0,0.0,0.22832155919298708,0.2735830164655083,0.0,0.0,0.0,0.07121924926246814,0.0,0.0,0.0,0.0502749991453289,0.0,0.06136045445656883,0.0,0.0,0.0,0.17111342364990942,0.0027325883797610657,0.02615875807824816,0.0,0.0,0.0,0.0,0.0,0.0,0.5820040443385811,0.0,0.0,0.0,0.6033514987877551,0.0,0.6513224473505467,0.18410736107528866,0.0,0.0,0.0,0.0,0.0,0.0,0.0,0.0,0.0,0.0,0.0,0.0,0.0009485895543580372,0.030766426210710844,0.0,0.1258415804097837,0.03646556767772261,0.0,0.0,0.0,0.0,0.0,0.0,0.031705347201622845,0.0,0.03735706569427713,0.0,0.0,0.0,0.1763333400333779,0.16397148238410508,0.0,0.0,0.5295978382070738,0.0,0.06477953829610474,0.18266529907963305,0.08911693053902123,0.0,0.2978021224423597
Gene_142,0.0,0.2581838962026533,0.0,0.0,0.029614455624141084,0.0,0.0,0.0,0.0,0.0,0.016672455795804987,0.0,0.0,0.0,0.0,0.0,0.0,0.0,0.0,0.0,0.06788588783422245,0.0,0.0,0.3062664566125976,0.0,0.0,0.0,0.0,0.0,0.0,0.0,0.0,0.0,0.0,0.12329257216486726,0.0,0.0,0.0,0.0,0.0,0.0,0.0,0.0,0.0,0.0,0.0,0.09486652446544999,0.0,0.024142006952507313,0.0,0.0,0.0,0.0,0.0,0.0,0.0,0.0,0.0,0.0,0.03702793730839385,0.0,0.0,0.0,0.0,0.0,0.0,0.0,0.0,0.06539747235879506,0.0,0.0,0.0,0.6033623872890373,0.508962786522616,0.0,0.0,0.0,0.0,0.0,0.0,0.0,0.0,0.0,0.0,0.0,0.0,0.012904810106157388,0.0,0.0,0.4829001369006714,0.0,0.0,0.0,0.0,0.0,0.0,0.1263925178496146,0.0,0.0,0.0
Gene_143,0.11741842822109509,0.0,0.0,0.0,0.0,0.0,0.0,0.0,0.0,0.0,0.0,0.0,0.0,0.0,0.0,0.0,0.0,0.0,0.0,0.0,0.0,0.0,0.0,0.0,0.0,0.0,0.0,0.0,0.0,0.0,0.014396023065712315,0.0,0.0,0.0,0.0,0.08190629719817633,0.0,0.0,0.0,0.0,0.0,0.0,0.0,0.0,0.0,0.04186082304775088,0.0,0.0,0.0,0.0,0.0,0.0,0.0,0.0,0.0,0.0,0.0,0.0,0.0,0.0,0.0,0.0,0.0,0.0,0.0,0.0,0.0,0.0,0.0,0.0,0.0,0.0,0.0,0.0,0.0,0.0,0.0,0.0,0.0,0.0,0.0,0.8317730225370539,0.06331068841502958,0.0,0.0,0.0,0.0,0.0,0.0,0.0,0.0,0.0,0.0,0.0,0.0,0.0,0.16626866994470718,0.0,0.7015741300526255,0.0
Gene_144,0.0,0.0,0.0,0.0,0.0,0.0,0.07779214161320311,0.0,1.1024111837098873,0.0,0.0,0.0,0.0,0.0,0.0,0.0,0.0,0.007292538506377148,0.0,0.0,0.018183320428399378,0.0,0.0,0.0,0.0,0.0,0.0,0.0,0.0,0.0,0.0,0.0,0.0,0.0,0.0,0.0,0.0,0.0,0.0,0.10660246700261901,0.0,0.0,0.8619904237157624,0.0,0.0,0.0,0.5913079789379037,0.0,0.0,0.0,0.0,0.0,0.0,0.0,0.0,0.0,0.0,0.0,0.0,0.0,0.0,0.0,0.0,0.0,0.006955699200817909,0.0,0.0,0.0,0.17955327328013312,0.0,0.0,0.0,0.0,0.0,0.0,0.1496174313262118,0.0,0.0,0.0,0.5447206636549187,0.0,0.0,0.0,0.0,0.11510264473384697,0.0,0.0,0.0,0.0,0.0,0.0,0.18000745275393726,0.0,0.0,0.0,0.0,0.0,0.0,0.0,0.0
Gene_145,0.04885367250525195,0.0,0.0,0.0334491319253983,0.0,0.0,0.0,0.0,0.0,0.03650684862940885,0.0,0.0,0.0,0.9509922006037382,0.0,0.0,0.0,0.0,0.0,0.0,0.4890202979271106,0.0,0.0,0.0,0.5392697538572115,0.0,0.36859097385812384,0.0,0.0,0.0,0.0,0.0,0.0,0.0,0.0,0.0,0.0,0.0,0.0,0.06746483231131763,0.0,0.0,0.0,0.0,0.0,0.0,0.0,0.0,0.0,0.0,0.0,0.0684049180307224,0.07789337669934292,0.0,0.0,0.0,0.0,0.0,0.0,0.0,0.0,0.0,0.0,0.0,0.0,0.0,0.0,0.0,0.0,0.0,0.0,0.0,0.0,0.0,0.058201232679780994,0.12424595194810006,0.0,0.0,0.0,0.0,0.0,0.0,0.0,0.29776242348219195,0.0,0.0,0.0,0.0,0.0,0.0,0.0,0.0,0.8739279021248693,0.0,0.0,0.0,0.0,0.0,0.029445637813504916,0.0
Gene_146,0.0,0.0,0.0,0.032797600100683715,0.0,0.2189617853563087,0.0,0.0,0.0,0.0,0.021707829773930633,0.0,0.06164665925280844,0.9471964935296397,0.7457472582688209,0.0,0.0,0.0,0.0,0.0,0.0019185929616936193,0.0,0.0,0.008665068914389628,0.0,0.006957615158367292,0.0,0.0,0.0,0.0521321494443755,0.19260707737533472,0.0,1.0033312620995054,0.0,0.0,0.047176638178237765,0.0,0.12255737319162639,0.0,0.0,0.0,0.0,0.0,0.0,0.0,0.0,0.0,0.0,0.0,0.5808967546973742,0.0,0.0,0.0,0.0,0.04091867850905971,0.0,0.0,0.0,0.0,0.0,0.0,0.09743942514449574,0.0,0.0,0.0,0.0,0.0,0.12161375187672227,0.12814023849061573,0.0,0.0,0.0,0.0,0.0300100201066201,0.0,0.1187610025903285,0.009439220460277014,0.0,0.0,0.0,0.0,0.0,0.0,0.0,0.0,0.0,0.0,0.0,0.0,0.0,0.0,0.0,0.0,0.0,0.0,0.0,0.0,0.0,0.10140409684029288,0.9097721909414394
Gene_147,0.0,0.0,0.0,0.0,0.0,0.0,0.0,0.0,0.0,0.027363807202986548,0.0,0.0,0.007420303911827714,0.0,0.0,0.083531006878493,0.0,0.0,0.0,0.0,0.0,0.0,0.0,0.0,0.0,0.0,0.23326797988870687,0.0,0.0,0.0,0.0,0.0,0.034594397969708625,0.0,0.0,0.14709378513586138,0.0,0.0,0.0,0.0,0.0,0.0,0.0,0.0,0.0,0.0,0.0,0.0,0.0,0.0,0.0,0.0,0.0,0.0,0.0,0.3970912781209721,0.0,0.11671276080427534,0.0,0.0,0.0,0.0,0.0,0.0,0.0,0.0,0.0,0.0,0.0,0.0,0.0,0.0,0.0,0.0,0.0,0.0,0.12287843607448964,0.0,0.5182343912971338,0.0,0.008010044672342165,0.0,0.0,0.0,0.048715326042803875,0.0,0.0,0.0,0.0,0.14381359703451543,0.0,0.0,0.0,0.0,0.0,0.0,0.0,0.0,0.0,0.0
Gene_148,0.0,0.0,0.0,0.0,0.0,0.0,0.0,0.0,0.0,0.0,0.0871932668922004,0.6250794377776092,0.0,0.0,0.0,0.0,0.0,0.0,0.0,0.0,0.0,0.0,0.0,0.07655672998915204,0.026967650969931478,0.0,0.0039004142732193977,0.0,0.0,0.11274875100427754,0.0,0.0,0.0,0.0,0.0,0.0,0.0,0.0,0.0,0.0,0.023520687848181728,0.015309916042602472,0.0,0.0,0.0,0.49162417174594436,0.0,0.0,0.0,0.0,0.055978896761771535,0.14116098014960618,0.0,0.0,0.0,0.0,0.0,0.001100318882627285,0.0,0.0,0.0,0.0,0.0,0.0,0.0,0.0,0.0,0.0,0.0,0.0,0.0,0.0,0.0,0.0,0.0,0.0,0.0,0.13704870833010235,0.04276338777319083,0.018349274896678272,0.17563511770555015,0.0,0.10996255253904948,0.0,0.0,0.07059639670792028,0.4355583719360607,0.0,0.0,0.0,0.0,0.0,0.0,0.0,0.0,0.0,0.0,0.0,0.0,0.07822119637667174
Gene_149,0.13051917516418396,0.0,0.0,0.0,0.0,0.0,0.0,0.0,0.07634187419325297,0.051161888520443226,0.0,0.0,0.0,0.0862999992862826,0.0,0.09099931706408278,0.0,0.0,0.6287612950520283,0.0,0.0,0.0,0.0,0.0,0.0,0.0,0.0,0.0,0.033906090593942735,0.0,0.0,0.0,0.0,0.032078935103235715,0.02498837336812668,0.0,0.15706165853332255,0.0,0.028265575149115697,0.0,0.10741621858190109,0.0,0.0,0.19310265130028997,0.0,0.0,0.0,0.0,0.0,0.0,0.0,0.0,0.0,0.13364656639346936,0.0,0.0,0.0,0.0,0.0,0.07269437502276535,0.0,0.0,0.0,0.0,0.0,0.0,0.0,0.0,0.0,0.0,0.0,0.0,0.058760939664695824,0.11881203396153647,0.0,0.0205259701380877,0.0,0.0,0.0,0.0,0.0,0.130272921388843,0.0,0.006973925735567727,0.06018260727204368,0.0,0.0,0.0,0.0,0.0,0.0,0.3924040011311078,0.0,0.0,0.0,0.0,0.0,0.0,0.0,0.09828948650382896
Gene_150,0.0,0.0,0.0,0.0,0.5730357270557884,0.0,0.0,0.0,0.0,0.0,0.0,0.0,0.0,0.0,0.0,0.0,0.0,0.0,0.0,0.0,0.0,0.0,0.0,0.0,0.0,0.0,0.0,0.0,0.0,0.03542108761314847,0.0,0.0,0.0,0.0,0.0,0.0,0.0,0.0,0.0,0.0,0.18807431629062807,0.0,0.0,0.0,0.03550618500610672,0.0005823097466470806,0.0,0.0,0.0,0.0,0.0,0.0,0.0,0.0,0.0,0.0,0.0,0.0,0.008865869664554788,0.0,0.0,0.0,0.0,0.0,0.0,0.0,0.0,0.0,0.0,0.0,0.0,0.0,0.0,0.0,0.040943004454066304,0.0,0.0,0.0,0.0,0.0,0.0,0.0,0.0,0.0,0.0,0.0,0.0,0.0,0.0,0.02248141226706951,0.0,0.0,0.0,0.0,0.0,0.0,0.0,0.0,0.17566960597198344,0.0
Gene_151,0.0,0.0,0.0,0.0,0.0695482714880619,0.0,0.0,0.0,0.0,0.16393551864526323,0.0,0.5972242456490023,0.14290336955919578,0.0,0.0,0.0,0.0,0.0,0.0,0.12734012411044351,0.0,0.19747541170583194,0.0,0.0,0.04567565340311985,0.048293313808158704,0.0,0.0,0.0,0.0,0.0,0.0,0.1204168181885035,0.0,0.0,0.0,0.021859461892943705,0.0,0.0,0.018224224057298385,0.16320563859307613,0.0,0.0,0.0,0.0,0.0,0.0,0.21629731124548687,0.0,0.0,0.01933641735161025,0.0,0.0,0.0,0.0,0.6390085983794817,0.0,0.0,0.0,0.0,0.0,0.0,0.0,0.0,0.0,0.0,0.0,0.037042303071991335,0.052642049062479435,0.10061105879547826,0.0,0.0,0.7594141997975118,0.2999419874464731,0.0,0.0,0.0,0.0,0.0,0.0,0.0,0.0,0.0,0.0,0.0,0.0,0.0,0.0,0.01681901071229298,0.0,0.0,0.0,0.0,0.0,0.0,0.0,0.0,0.0,0.0,0.0
Gene_152,0.0,0.0,0.0,0.0,0.21067964248683924,0.0,0.0,0.0,0.0,0.062345073551982,0.0,0.16984516685133147,0.0,0.0,0.0,0.3912924230153137,0.0,0.0,0.0,0.0,0.0,0.0,0.0,0.0,0.0,0.12120071449725348,0.039422830332202036,0.0,0.0,0.0,0.0,0.0,0.0,0.0,0.0,0.0,0.0,0.0,0.0,0.0,0.0,0.0,0.0,0.033489251899149426,0.0,0.0,0.0,0.0,0.0,0.0,0.0,0.2671413162633993,0.0,0.0,0.0,0.0,0.0,0.19217746645224335,0.04322948986054393,0.08045589973778393,0.0,0.0,0.43500762706039686,0.0,0.0,0.0,0.01654105155922533,0.0,0.0,0.0,0.0,0.0,0.0,0.0,0.6513355904463277,0.04111571401048117,0.0,0.0,0.0,0.0,0.0,0.0,0.0,0.0,0.0,0.0,0.0,0.025928478072781855,0.0,0.06769575444805652,0.0,0.0,0.0,0.0,0.12309906411145154,0.0,0.0,0.01897466087646701,0.0,0.0
Gene_153,0.0,0.0,0.0,0.015529058576062354,0.0,0.0,0.16164171777783834,0.0,0.0,0.452703243837031,0.0,0.0,0.059287525010474705,0.001544535181150479,0.012983220354055853,0.008446386697873847,0.0,0.0,0.0,0.0,0.0,0.012350736095657452,0.0,0.0,0.0,0.0,0.0,0.12073644063783885,0.0,0.0,0.0,0.0,0.04631848476032001,0.0,0.0,0.0,0.7459801713300857,0.0,0.0,0.5133163244393453,0.07110387317210945,0.028842424116524542,0.0,0.01018585119775256,0.10465199921561388,0.22077106787636347,0.0,0.0,0.0,0.07091187448795348,0.0,0.0,0.0,0.0,0.0,0.0,0.0,0.0,0.0,0.0,0.0,0.0,0.0,0.04654168299241426,0.0,0.0,0.0,0.0,0.0,0.0,0.0,0.002168340356685157,0.0,0.0,0.0,0.11089844886205792,0.7209597424752117,0.619278552901627,0.1782647739352815,0.034227371735161334,0.0,0.0,0.0979231510327703,0.0,0.0,0.009588375621686095,0.0,0.0,0.0,0.0,0.00370308708861673,0.0,0.0,0.0,0.0,0.021790537782714628,0.0,0.0,0.0,0.0
Gene_154,0.0,0.0,0.0,0.0,0.0,0.0,0.0,0.0,0.01751008318069015,0.0,0.0,0.0,0.0,0.0,0.0,0.0,0.0,0.0,0.0,0.0,0.0,0.0,0.0,0.0,0.0,0.0,0.0,0.0,0.0,0.0,0.29727966934110217,0.0,0.09559288563439335,0.0,0.0,0.0,0.0,0.0,0.0,0.08858897781500652,0.0,0.2903064151898471,0.05046272944331162,0.0,0.0,0.0,0.0,0.0,0.0,0.0,0.0,0.09351761832502763,0.0,0.070294429919483,0.0,0.0,0.0,0.0,0.0,0.0,0.002066759686573079,0.0,0.0,0.0,0.0,0.0,0.0,0.0,0.0,0.0,0.0,0.0,0.0,0.0,0.0,0.0,0.0,0.0,0.0,0.0,0.0,0.0,0.0,0.0,0.0,0.0,0.0,0.0,0.0,0.0,0.0,0.22799931341991594,0.0,0.0,0.0,0.0,0.0,0.2177955724775024,0.0,0.0
Gene_155,0.0,0.0,0.447879738161199,0.0,0.0,0.0,0.0,0.06713766379599721,0.0,0.0,0.0,0.0,0.0,0.0,0.0,0.0,0.0,0.0,0.0,0.0,0.05909342957923666,0.0,0.0,0.0,0.0002567422545453724,0.0,0.0,0.0,0.0,0.0,0.0,0.0,0.0,0.0,0.0,0.6455488173396255,0.0,0.0,0.0,0.0,0.03734915925883425,0.0,0.0,0.0,0.0,0.0,0.0,0.0,0.0,0.018146369821130326,0.0,0.0,0.0,0.0,0.0,0.0,0.0,0.0,0.06446309154361064,0.044220512248541115,0.0,0.0,0.0,0.0,0.0,0.0,0.0,0.0,0.0,0.0,0.0,0.0,0.0,0.0,0.0,0.3766261566302086,0.0,0.0,0.0,0.0,0.0,0.21008336965302152,0.0,0.042479464666743155,0.0,0.0,0.0,0.0,0.0,0.0,0.0,0.0,0.0,0.0,0.0,0.0,0.0,0.0,0.0,0.4122184687097946
Gene_156,0.0,0.0,0.0,0.0,0.0,0.0,0.0,0.0,0.0,0.0,0.0,0.0,0.0,0.0,0.06966740243456104,0.0,0.0,0.0,0.0,0.0,0.0,0.20158172659398443,0.0,0.0,0.0,0.0,0.0,0.008163757446840805,0.0,0.0,0.0,0.0,0.002959509020100679,0.0,0.0,0.0,0.0,0.0,0.0,0.0,0.0,0.0,0.0,0.0,0.3420626427938101,0.0,0.0,0.0,0.0,0.0,0.0,0.07724320372170125,0.4587290252622641,0.0,0.0,0.0,0.003943552093609917,0.015164380889759655,0.030591703668398744,0.0,0.0,0.0,0.0,0.0,0.0,0.0,0.07253765256636038,0.0,0.0,0.0,0.0857884222837164,0.0,0.0,0.0,0.0,0.0,0.0,0.0,0.0,0.0,0.0013705151826384034,0.0,0.0,0.0,0.09603636317809248,0.0,0.0,0.030375703354968597,0.0,0.0,0.0,0.0,0.0,0.0,0.0,0.0,0.33379646831412013,0.0,0.0,0.0
Gene_157,0.0,0.05989646802560012,0.17680804775397893,0.0,0.0,0.0,0.0,0.0,0.0,0.0,0.0,0.6925635873807984,0.08439367639917371,0.0,0.0,0.0,0.0,0.027582479629279868,0.0,0.0,0.0,0.18703734379628384,0.0,0.0,0.24935269083690906,0.0,0.0,0.0,0.27655407789743786,0.010491105537043542,0.0,0.1948748831271594,0.0,0.0,0.0,0.27725723124988055,0.0,0.032705105581559465,0.0,0.0,0.0,0.0,0.0,0.0,0.0,0.0,0.0,0.08217463385765636,0.0,0.06613513213283313,0.0,0.0,0.0,0.0,0.0,0.5214648586185358,0.0,0.0,0.0,0.019870546482261664,0.2828597575229351,0.13347518777338144,0.009811733315294176,0.0,0.0,0.005695151119557327,0.09472310434166532,0.0,0.0,0.10192154646834684,0.0,0.16781832845779024,0.020505324568132265,0.026606194516487425,0.0,0.0,0.0,0.7685071438449418,0.0,0.2018585003883467,0.04857178480924868,0.0,0.007633820445564883,0.0,0.0,0.03857064108226636,0.0,0.0,0.0,0.0,0.0,0.0,0.0,0.029124904625516538,0.0,0.0,0.0,0.23341077753538603,0.28551264732052617,0.0
Gene_158,0.0,0.04180712194967839,0.0,0.0,0.0,0.0,0.0,0.06903639342992149,0.0,0.0,0.0,0.0,0.0,0.0,0.20436221771210514,0.0,0.0,0.0,0.0,0.0,0.0,0.0,0.0,0.0,0.0,0.0,0.5998411709938537,0.0,0.0,0.0,0.0,0.0,0.0,0.0,0.0,0.0,0.0,0.0,0.0,0.0699281339526884,0.0,0.0,0.11978520673546854,0.0,0.0,0.0,0.0,0.0,0.0,0.0,0.0,0.0,0.0,0.0,0.0,0.0,0.042717228715577316,0.0,0.0,0.0,0.0,0.0,0.014136937038891663,0.0,0.0,0.0,0.0,0.0,0.0,0.0,0.0,0.003297240962541999,0.0,0.0,0.0,0.0,0.1615571182731954,0.07159278087069762,0.0,0.0,0.0,0.02720334895059036,0.24441608278045154,0.0,0.0,0.0,0.0,1.0450933251466348,0.0,0.0,0.8572051794938589,0.0,0.012551369431793377,0.0,0.0,0.0,0.0,0.0,0.0,0.0
Gene_159,0.0,0.0,0.0,0.0,0.0,0.0,0.0,0.0,0.0,0.0,0.0,0.0,0.0,0.0,0.0,0.0,0.0,0.0,0.0,0.0,0.0,0.0,0.0,0.0,0.0,0.0,0.0,0.35493429492699846,0.0,0.0,0.0,0.0,0.0,0.0,0.0,0.0,0.0882657470594649,0.0,0.0,0.0,0.0,0.0,0.0,0.0,0.0,0.0,0.0,0.0,0.0,0.0,0.0,0.24013944212937,0.0,0.08092396102305009,0.0,0.0,0.0,0.0,0.0,0.0,0.0,0.0,0.9436584883136504,0.0,0.0,0.0,0.0,0.0,0.0,0.0,0.0,0.0061902562360428,0.0,0.0,0.0,0.0,0.0,0.0,0.0,0.0,0.0,0.0,0.0,0.0,0.05846182081760295,0.03589795195668458,0.0,0.0,0.0,0.0,0.0,0.03761172789341909,0.0,0.0,0.0,0.0,0.0,0.0,0.0,0.0
Gene_160,0.0,0.0,0.40505933645962766,0.04250077881797976,0.0,0.0,0.0,0.0,0.0,0.0,0.0,0.0,0.0,0.0,0.0,0.0,0.0,0.0,0.03586771608343457,0.0,0.0,0.0,0.0,0.0,0.0,0.0,0.2074843976847601,0.0,0.012679952470837958,0.0,0.0,0.0,0.0,0.0,0.0,0.0,0.0,0.0,0.0,0.0,0.0,0.0,0.0,0.0,0.0,0.0,0.0,0.0,0.0,0.0,0.0,0.0,0.2964324861895441,0.0,0.0,0.0,0.0,0.009497462580038347,0.0,0.0,0.0,0.0,0.0,0.0,0.0,0.0,0.0523997848459927,0.0,0.0,0.0,0.0,0.0,0.0,0.03790713298176446,0.028350598242827686,0.0,0.0,0.0,0.0,0.0,0.0,0.0,0.0,0.0,0.0,0.0,0.15467655236963238,0.0,0.0,0.0,0.0,0.0,0.0,0.0,0.0,0.0018106593257157752,0.0,0.0,0.0,0.0
Gene_161,0.0,0.09523389623009465,0.0,0.07398930576233317,0.0,0.0,0.0,0.9853374851388508,0.0,0.017406369832954027,0.0,0.0,0.0,0.0,0.0,0.0,0.0,0.0,0.0,0.0,0.0,0.0,0.0,0.0,0.0,0.09042263695282858,0.014216114601082774,0.0,0.0,0.0,0.0,0.02888139097466425,0.0,0.10135109403541896,0.0,0.0,0.0,0.0,0.01865997241704762,0.14863539627752254,0.0,0.019651099237518142,0.0,0.0,0.2405533342673388,0.0,0.0,0.0,0.0,0.0,0.062148844448003865,0.42169142531354475,0.0,0.1644265304122323,0.0,0.5550231910648227,0.0,0.0,0.0,0.0,0.0,0.0,0.0,0.0,0.0,0.0,0.7941787111326347,0.0,0.0,0.0,0.0,0.027395071374658218,0.0,0.0,0.0,0.022902473960225968,0.0,0.9632375967066052,0.0,0.0,0.0,0.0,0.0,0.0,0.0,0.0,0.0,0.054316242509756425,0.0,0.0,0.0667999507723432,0.0,0.0,0.0,0.0,0.0,0.0,0.01505022857511171,0.0,0.0
Gene_162,0.0,0.1215172690653962,0.0,0.0,0.0,0.0,0.0,0.0,0.6226322849462681,0.0,0.06480694386997206,0.0,0.0,0.030843217252093526,0.0,0.0,0.0,0.0,0.5543764049490123,0.0,0.0,0.0,0.0,0.03937045805333741,0.03674799271214451,0.0,0.09087291206023775,0.0,0.0,0.0,0.0,0.0,0.0,0.0,0.0,0.7802352230101621,0.0,0.0,0.0,0.0,0.011375367083295987,0.0,0.0,0.0,0.022874550743744997,0.0,0.17292656090193229,0.0,0.17333721047398779,0.0,0.0,0.0,0.0,0.0,0.0,0.0,0.0,0.037692741368335274,0.01590731196557018,0.0,0.0,0.0,0.0,0.0,0.04637707014134428,0.0,0.07523878052712005,0.0,0.0,0.0,0.0,0.1453384711597145,0.0,0.0,0.0,0.0,0.0,0.0,0.0,0.0,0.0,0.0,0.0,0.0,0.9930244827548846,0.0,0.026163794580314825,0.01326410695023456,0.01499043832969367,0.0,0.0,0.0,0.0,0.05261833334900183,0.0,0.022862957600543063,0.0,0.0,0.0,0.18136001133990667
Gene_163,0.0,0.0,0.0,0.15204361836876093,0.06293625052057988,0.10091862303390982,0.0,0.0,0.0,0.0,0.0,0.08539925828555561,0.0,0.0,0.0,0.0,0.0,0.0,0.0,0.0,0.035825463719486944,0.0,0.07442499553313545,0.0,0.0,0.0,0.0,0.0,0.0,0.11135225096143889,0.05524656565553863,0.5120776275266192,0.0,0.0,0.001302680640887921,0.0,0.0,0.0,0.0,0.0,0.032430879243466014,0.0,0.0,0.0,0.0,0.0,0.6523638400286371,0.0,0.6076460377172586,0.0,0.0,0.10331113311942232,0.0,0.0,0.0,0.0,0.058842435688234926,0.0,0.0,0.0,0.006314701778863015,0.0,0.0,0.05382403000038398,0.0,0.0,0.0,0.0,0.0,0.0,0.0,0.0,0.0,0.0,0.02455374119039285,0.0,0.0,0.0,0.0,0.0,0.0,0.0,0.0,0.0,0.0,0.0033869012686603564,0.0,0.0,0.0,0.0,0.0051540454863600975,0.0,0.0,0.0,0.0,0.028797749544337347,0.14333957506585024,0.0,0.0,0.0
Gene_164,0.0,0.7658241663182079,0.0,0.0,0.0,0.0,0.0,0.0,0.0,0.0,0.0,0.010051272232281612,0.0,0.01055897715177039,0.0,0.0,0.0,0.0,0.0,0.0,0.0,0.0,0.0,0.0002868844502875589,0.0,0.0,0.0,0.0,0.5274740420872459,0.020860866634241228,0.0,0.0,0.0,0.856787627673405,0.0,0.0,0.0,0.014955101410415061,0.0,0.011007260645697877,0.0,0.0,0.0,0.0,0.0,0.0,0.0,0.0,0.0,0.0,0.0,0.0,0.0,0.0,0.0,0.0,0.0,0.0,0.0,0.0,0.0827492919136623,0.0,0.0,0.10996985274469061,0.0,0.0,0.1559266570983916,0.0,0.013825141341955956,0.0,0.0,0.0,0.33199080617630033,0.0,0.09015350062905715,0.0,0.0,0.0,0.0,0.0,0.0,0.0,0.0,0.0013464458757074386,0.0,0.0,0.0,0.0,0.0,0.0,0.0,0.0,0.2654463326706936,0.0,0.0,0.0,0.10280151439033822,0.0,0.002811066766403129,0.0
Gene_165,0.0,0.0,0.0,0.0,0.44829058194936144,0.0,0.0,0.0,0.0,0.0,0.0,0.06242743425027391,0.0,0.0,0.0,0.0,0.0,0.0,0.0,0.0,0.0,0.0,0.0,0.07394680586359202,0.0,0.0,0.0,0.0,0.0628190148868182,0.0,0.06856862553881661,0.0,0.0,0.0,0.040930550380925454,0.0,0.11232402943770507,0.0,0.0,0.0,0.0,0.0,0.0,0.0,0.7736913703937025,0.4461839490635731,0.0,0.0,0.0,0.0,0.0,0.0,0.0,0.0,0.0,0.0,0.0,0.0,0.0,0.0,0.0,0.0,0.0,0.0,0.0,0.0,0.06392054117684703,0.0,0.0,0.0,0.0,0.0,0.0,0.0,0.0,0.0,0.0,0.0,0.0,0.0,0.0,0.0,0.0,0.0,0.0,0.0,0.0,0.0,0.0,0.0,0.028861703848426058,0.0,0.0,0.0,0.0,0.0,0.0,0.0,0.0,0.0
Gene_166,0.0,0.0,0.0,0.014531115394018631,0.0,0.0,0.0,0.0,0.0,0.0,0.0,0.0,0.0,0.0,0.0,0.0,0.0,0.0,0.0,0.0342576994221924,0.0,0.04903100229429543,0.0,0.2162338755354492,0.0,0.0,0.14281044065762377,0.0,0.0,0.1038412318819938,0.0,0.0,0.0,0.0,0.0,0.5072787196188152,0.0029313107258148647,0.0,0.0,0.0,0.0,0.0,0.0,0.0,0.0,0.0,0.0,0.0,0.055603141742676214,0.0021095444861111367,0.0,0.0,0.0,0.0,0.0,0.0,0.0,0.0,0.0,0.26299780682174023,0.0,0.1585977687804314,0.007175760620759972,0.0189274679935059,0.047191296963192395,0.0,0.0,0.0,0.0,0.0,0.0,0.0,0.0,0.002773912605337632,0.0,0.10900590458054112,0.0,0.0416934212059061,0.5279712754748199,0.0,0.0,0.1273070487790969,0.0,0.019042250541006004,0.08614896338162245,0.0,0.0,0.0,0.05275679032784116,0.0,0.0,0.0,0.0,0.0,0.0,0.0,0.054150110785511095,0.0,0.0,0.0
Gene_167,0.0,0.5002738781919186,0.0,0.0,0.0,0.0,0.0,0.0,0.0,0.0,0.0,0.0,0.0,0.0,0.0,0.0,0.0,0.0,0.0,0.0,0.0,0.0,0.0,0.0,0.0,0.0,0.0,0.0,0.0,0.07691228906605763,0.0,0.0,0.0,0.0,0.011452285336396846,0.0,0.0,0.0,0.0,0.011126174161976046,0.0,0.0,0.18040905252623746,0.02766292439563265,0.0,0.0,0.0,0.0,0.0,0.0,0.0,0.0,0.0,0.0,0.0,0.0,0.0,0.11015162770456426,0.0,0.0,0.0,0.0,0.0,0.0,0.0,0.0,0.0,0.0,0.0,0.0,0.0,0.0,0.0,0.0,0.0,0.10221226817909165,0.0,0.13581828272190055,0.0,0.0,0.0,0.0,0.0,0.0,0.0,0.0,0.0,0.0,0.0,0.0,0.0,0.9422350009244167,1.2232539723721079,0.0,0.0,0.0,0.0,0.0,0.0,0.0
Gene_168,0.0,0.0,0.0,0.14845784730582148,0.0,0.0,0.0,0.0,0.0,0.0,0.0,0.04288969685118418,0.0,0.0,0.0,0.0,0.0,0.0,0.0,0.0,0.07371763165596387,0.0,0.0,0.043097926562534854,0.0,0.0,0.0,0.0,0.0,0.0,0.0,0.0,0.0,0.0,0.0,0.0,0.0,0.0,0.0,0.07666728687697578,0.0,0.0,0.0,0.0,0.0,0.0,0.04262004803231824,0.04133668973366299,0.0,0.0,0.0,0.0,0.0,0.0,0.0,0.0,0.0,0.0,0.0,0.0800645758940514,0.0,0.0,0.0,0.0,0.0,0.0,0.12278938514231008,0.0,0.0,0.0,0.0,0.014166737338061461,0.0,0.0,0.0,0.0,0.0,0.0,0.0,0.885936522899369,0.0,0.015948997864480816,0.8399262225458957,0.0,0.0,0.0,0.0,0.0,0.0,0.0,0.0,0.06805798691389345,0.0,0.0,0.0,0.0,0.0,0.03489412728099149,0.0,0.0
Gene_169,0.0,0.0,0.16600173595245588,0.0,0.0,0.0,0.0,0.5248958775921901,0.0,0.0,0.0,0.0,0.0,0.0,0.24041639685252864,0.5738546915034864,0.20902951783275955,0.0,0.33762055858564205,0.0712202192723105,0.0,0.0,0.0116676463576939,0.0,0.0,0.0,0.0,0.0,0.30093969475470456,0.0,0.0,0.0,0.0,0.0,0.26946756104051217,0.0,0.0,0.0,0.0339231624625596,0.0,0.0,0.0,0.0,0.0,0.0,0.0,0.0,0.0,0.1339783943683273,0.0,0.016079521372354435,0.0,0.0,0.0,0.0,0.08127787838660326,0.0,0.0,0.0,0.0,0.0,0.0,0.0,0.0,0.0,0.06714195018030278,0.0,0.0,0.0,0.0,0.0,0.0,0.0,0.08765441181514999,0.0,0.0,0.0,1.0794712282172911,0.0,0.2527450340462556,0.0,0.0,0.0,0.0,0.0,0.06993047862353433,0.0,0.0,0.0,0.0,0.0,0.0,0.0,0.0,0.0,0.0,0.0,0.0,0.0,0.0
Gene_170,0.0,0.0,0.0,0.0,0.0,0.0011432565981019137,0.0,0.0,0.0,0.0,0.0,0.0,0.0,0.0,0.0,0.0,0.0,0.0,0.0,0.0,0.0,0.0,0.0,0.0,0.0,0.0,0.0,0.0,0.0,0.0,0.0,0.0,0.0,0.4258866006408158,0.0,0.0,0.0,0.0,0.0,0.0,0.0,0.0,0.0,0.0,0.0,0.0,0.0,0.0,0.0,0.023703418033464447,0.0,0.0,0.0,0.0,0.0,0.0,0.0,0.0,0.0,0.0,1.0236469431170356,0.19801333381732764,0.0,0.0,0.0,0.0,0.0,0.0,0.0,0.0,0.0,0.0,0.0,0.0,0.0720562249296425,0.0,0.0,0.0,0.0,0.0,0.0,0.0,0.10225582393410619,0.0,0.019361900768522386,0.0,0.0,0.01884607930268735,0.0,0.021257700809519987,0.0,0.0,0.0,0.0,0.0,0.0,0.0,0.0,0.0,0.0
Gene_171,0.0,0.0,0.0,0.0,0.0,0.0,0.28095109810158136,0.0,0.0,0.0,0.0,0.0,0.0,0.0,0.03228750095499579,0.0,0.0,0.0,0.0,0.0,0.0,0.0,0.0,0.2177453547820759,0.0,0.0,0.0,0.0,0.0,0.0,0.0,0.0,0.0,0.0,0.0,0.0,0.0,0.0,0.0,0.0,0.0,0.4637548769045496,0.0,0.0,0.0,0.0,0.058214754259224843,0.0,0.0,0.0,0.0,0.0,0.0,0.0,0.0,0.0,0.0,0.0,0.0,0.0,0.0,0.0,0.0,0.0,0.0,0.30310388753619966,0.0,0.0,0.4242913651667234,0.0,0.0,0.14616750095759687,0.0,0.0,0.0,0.0,0.0,0.0,0.0,0.0,0.0,0.0,0.0,0.08104146330946899,0.0,0.0,0.0,0.0,0.0,0.5141680530349219,0.0,0.0,0.0,0.0,0.0,0.0,0.0,0.0,0.0,0.0
Gene_172,0.16036424959852671,0.0,0.0711535180072549,0.4338662326179158,0.0,0.0,0.0,0.0,0.0,0.0,0.13254403892739616,0.0,0.15254244434914485,0.3332462887323918,0.0,0.0,0.6102520084217603,0.0,0.0,0.02104685421269295,0.0,0.0,0.0,0.0,0.0,0.0,0.05187473770231862,0.0,0.0,0.05060212122780457,0.0,0.0,0.0,0.0,0.0,0.0,0.0,0.0,0.9706213693052248,0.0,0.0,0.0,0.0,0.0,0.0,0.0,0.0,0.0,0.0,0.03847517848917632,0.12626402739131734,0.0,0.0,0.0629715046693078,0.0,0.12489768712096351,0.01304553469330635,0.6900389427148099,0.0,0.0,0.0,0.04625372893413278,0.0,0.01888798135177787,0.0,0.0,0.0,0.0,0.0,0.0,0.0,0.5894623261539326,0.0,0.0,0.0,0.0,0.0,0.0,0.0,0.0,0.0,0.0,0.0,0.0,0.0,0.0,0.0,0.0,0.0,0.0,0.0,0.0,0.0,0.0,0.0,0.22800431291434609,0.0,0.0,0.0,0.0
Gene_173,0.0,0.0,0.0,0.0,0.0,0.0,0.0,0.0,0.0,0.0,0.0,0.0,0.31735152034388875,0.0,0.0,0.0,0.0,0.0,0.0,0.0,0.0,0.5641349812545898,0.0,0.0,0.05580342056067453,0.0,0.0,0.0,0.0,0.0,0.012781066028879488,0.0,0.0,0.0,0.0,0.0,0.0,0.0,0.0,0.0,0.0,0.0,0.0,0.0,0.0,0.0,0.3595527893689388,0.0,0.0,0.0,0.0,0.022646570511846518,0.0,0.0,0.0,0.0,0.0,0.0,0.0,0.0,0.0,0.0,0.0,0.0,0.0,0.0,0.08257568978217883,0.03672965256734508,0.0,0.0,0.0,0.0,0.0,0.0,0.0,0.0,0.0,0.0,0.0,0.0,0.0,0.0,0.0,0.0,0.0,0.3490184291930059,0.0,0.0,0.0,0.0,0.08752759182037245,0.0,0.0,0.0,0.0,0.0,0.0,0.0,0.0,0.0
Gene_174,0.0,0.0,0.0,0.19602082021814227,0.0,0.0,0.0,0.0,0.0,0.0,0.025617079318651596,0.04727696549141369,0.0,0.0,0.0,0.0,0.0,0.0,0.0,0.004830538586321414,0.0,0.0,0.0,0.0,0.0,0.1492846354071565,0.9171353597894454,0.0,0.0,0.0,0.22261665007112294,0.0,0.0,0.0,0.0,0.08940253550789501,0.0,0.0,0.0,0.0,0.11608225283755859,0.0,0.0,0.0,0.0,0.0,0.0,0.07412051670530047,0.0,0.0,0.0,0.0,0.005342732930046042,0.0,0.0,0.0,0.0,0.3466825254218344,0.0,0.0,0.09847682397655957,0.0,0.0,0.0,0.0,0.0,0.0,0.0027190839557105135,0.0,0.0,0.0,0.0,0.0,0.13369433504939152,0.0,0.1971159487196198,0.14578258599640434,0.01822097164948266,0.18931119960118672,0.02216924516839305,0.19569506906951037,0.0,0.7092187933436542,0.0,0.0,0.0,0.0,0.0,0.0,0.0,0.0,0.0,0.0,0.0,0.0,0.0,0.41290258490265164,0.0,0.0,0.0
Gene_175,0.0,0.0,0.0,0.0,0.0,0.16930030456761927,0.0,0.4397554784379314,0.0,0.0,0.0,0.0,0.58887482031304,0.00602364252229492,0.0,0.00836734550172155,0.0,0.0,0.0,0.0,0.0,0.4228369391831343,0.0,0.0,0.0,0.02294816931910186,0.0,0.0,0.0,0.0,0.0,0.0,0.13999511767561623,0.0,0.0,0.0,0.0,0.0,0.0,0.0,0.0,0.0,0.09068851661112004,0.0,0.0,0.0,0.14996269586872096,0.3762343593996946,0.0,0.0,0.0,0.0,0.0,0.0,0.0,0.0,0.0,0.0,0.0,0.0,0.029425832995330924,0.07971627763418207,0.0,0.1652211775043255,0.0,0.0,0.0,0.0,0.0,0.0,0.0,0.1519458444942016,0.0,0.0,0.0,0.4229159985332165,0.0,0.0,0.0,0.0,0.14289485854928471,0.0,0.24596251059401608,0.16814285310777746,0.0,0.0,0.0,0.0,0.0,0.0,0.0,0.0,0.0,0.26858949685980954,0.026290922239893082,0.0,0.0,0.0,0.0,0.0
Gene_176,0.0,0.0,0.0436583373779678,0.0,0.0,0.0,0.0,0.0,0.0,0.0,0.09675627657318843,0.0,0.0,0.0,0.0,0.13121518857109168,0.0,0.0,0.18775233592643614,0.0,0.0,0.05082155202062766,0.0,0.5486778064912983,0.0,0.0,0.0,0.0,0.15723952484167125,0.0,0.0,0.056605085626357,0.0,0.0,0.0,0.0,0.0,0.0,0.0,0.0,0.0,0.0,0.0,0.0,0.0,0.27639057504175085,0.0,0.0,0.0,0.0,0.0021995782800920518,0.0,0.35982790492665584,0.529209112478592,0.0,0.0,0.1134006056636654,0.0,0.0,0.0,0.0,0.0,0.0,0.0,0.0,0.09033436871058759,0.2626145104779436,0.0,0.03519690405686797,0.0,0.0,0.0,0.0,0.0,0.04530345582353562,0.0,0.0,0.0,0.008574093695342828,0.0,0.0,0.0,0.0,0.0,0.0,0.0,0.0,0.0,0.0,0.0,0.0,0.0,0.0,0.0,0.6208962197116343,0.495064661277134,0.0,0.0,0.0,0.8438772217837411
Gene_177,0.0,0.0,0.0,0.0,0.0,0.0,0.0,0.0,0.0,0.0,0.0,0.0,0.005244673535395031,0.0,0.0,0.0,0.0,0.0,0.0,0.0,0.07784112173438526,0.0,0.0,0.0,0.0,0.0,0.0,0.0,0.07238637384660808,0.0,0.0,0.0,0.0,0.0,0.0,0.0,0.0,0.0,0.0,0.0,0.0,0.0,0.0,0.04142897796471518,0.0,0.0,0.0,0.0,0.0,0.0,0.0,0.0,0.0,0.0,0.0,0.0,0.0,0.0,0.0,0.0,0.0,0.0,0.0,0.0,0.01873986624468628,0.0,0.0,0.0,0.0,0.0,0.0,0.0,0.0,0.0,0.005007520054011392,0.0,0.0,0.7997795569589335,0.0,0.15786540646504496,0.0,0.0,0.0,0.0,0.0,0.0,0.0,0.0,0.0,0.0,0.0,0.009648709311384103,0.0,0.0,0.0,0.0,0.0,0.0,0.0,0.0
Gene_178,0.2649827128407404,0.0,0.1923290663007932,0.0,0.0,0.13527024607025853,0.09921780320667382,0.2214715824005877,0.0,0.14857949317354124,0.027502071594155755,0.22337060879961104,0.0,0.09577441889632106,0.11481167991277492,0.0,0.0,0.0,0.0,0.0,0.019575484615377173,0.0,0.0,0.10483233024386253,0.024386754039655515,0.007217983510464878,0.0,0.0,0.0,0.0,0.5607702122900162,0.03419249419574468,0.0,0.0,0.0,0.0,0.0,0.0,0.0,0.0,0.0,0.0,0.040437280840413634,0.011645266125358657,0.0,0.7846035977653719,0.0,0.0,0.047859984372863956,0.0,0.0,0.0,0.0,0.0,0.0,0.0,0.7001694251810191,0.0,0.004960603332146399,0.0,0.0,0.32513852210009975,0.0,0.09379200219089215,0.0,0.0,0.6966252935217097,0.6230003957353868,0.0,0.0,0.0,0.006039636765184984,0.0,0.0,0.0,0.056747802103944756,0.10295424799151537,0.03625622963585972,0.0,0.0,0.02585946055551958,0.12697090631464297,0.0,0.0,0.0,0.0,0.0,0.04594282565290905,0.0357966243776615,0.0,0.0,0.05265332597794469,0.0,0.0,0.05301421826922535,0.4762727042714112,0.0,0.0,0.0,0.02294305917923257
Gene_179,0.894276925689118,0.0,0.0,0.1359990783595932,0.0,0.0,0.08933719836093917,0.0,0.0,0.15101450951804696,0.12109017330518139,0.058156464549016754,0.0,0.0,0.0,0.0,0.0,0.0,0.0,0.0,0.5818688327054876,0.0,0.0,0.0,0.0,0.719443634671688,0.0018145540380423955,0.0,0.0,0.0,0.0,0.0,0.0,0.0,0.0,0.0,0.0,0.0,0.0,0.15707024063944483,0.782966266710888,0.0,0.0,0.0,0.0,0.0,0.0,0.0,0.0,0.0,0.0,0.04851845337347976,0.08356180821628116,0.0,0.0,0.0,0.0,0.0,0.0,0.8736268347908501,0.0,0.0,0.0,0.0,0.0,0.0,0.0,0.0,0.0,0.0,0.0,0.0,0.0,0.0,0.0,0.0,0.0,0.0,0.0,0.0,0.0,0.0,0.016728829401536912,0.0,0.0,0.0,0.0,0.0,0.0,0.0,0.0,0.0,0.0,0.015124598043874614,0.0,0.0,0.0,0.0,0.0,0.0
Gene_180,0.0,0.0,0.0,0.0,0.0,0.0,0.0,0.0,0.0,0.0,0.0,0.0,0.0,0.0,0.0,0.0,0.7282770973578486,0.0,0.0,0.04312939530470395,0.0,0.0,0.0,0.0,0.0,0.0,0.0,0.0,0.0,0.0,0.0,0.0,0.0,0.07257218830541151,0.0,0.0,0.0,0.0,0.0,0.0,0.0,0.0,0.0,0.0,0.0,0.0,0.0,0.0,0.0,0.0,0.0,0.0,0.0,0.0,0.06033225628953688,0.0,0.0,0.0,0.0,0.0,0.0,0.0,0.0,0.0,0.0,0.0,0.05151072249254419,0.0,0.0,0.0,0.0,0.0,0.0,0.0,0.0,0.0,0.0,0.0,0.0,0.06389605935852773,0.0,0.0,0.0,0.0,0.0,0.0,0.0,0.0,0.0,0.0,0.0,0.0,0.0,0.0,0.0,0.0,0.0,0.0,0.0,0.0
Gene_181,0.0,0.0,0.0,0.0,0.1467927197732563,0.0,0.0,0.0,0.0,0.08575645794040263,0.0,0.0,0.08857575478954713,0.0,0.0014720705665292404,0.0,0.03338510334224445,0.0,0.010758010140527182,0.0,0.0,0.32740663727474506,0.13826859974336475,0.04695115660173173,0.0,0.0852485886158427,0.013601030430345438,0.27099602827094615,0.0,0.0,0.05294000017978687,0.0,0.0,0.0,0.0,0.0,0.0,0.0,0.0,0.0,0.0,0.0,0.0,0.0,0.11454093455432343,0.0,0.06986100225877268,0.4730086496345586,0.46041676025256273,0.0,0.0,1.427065788870683,0.0,0.0,0.0,0.0,0.0,0.0,0.13379021863659132,0.0,0.0,0.0,0.0,0.0,0.0,0.0,0.0,0.0,0.0,0.025333127162910044,0.0,0.0,0.2711223752143611,0.0,0.02147797685784995,0.011047840701142047,0.28475749370390346,0.0,0.0,0.0,0.0,0.0,0.0,0.0,0.09364472838594834,0.008295094900459682,0.17518486149347268,0.0,0.1578820042104771,0.0,0.0,0.0,0.0,0.0,0.0,0.03477975869029855,0.0,0.41824159506261105,0.03238943481644825,0.19941865503521986
Gene_182,0.0,0.0,0.23040289379158935,0.0,0.0,0.0,0.0,0.0,0.0,0.0,0.0,0.0,0.0,0.0,0.0,0.0,0.0,0.0,0.0,0.0,0.0,0.0,0.0,0.018496901907388567,0.0,0.0,0.0,0.0,0.0,0.0,0.0,0.0,0.0,0.0,0.0,0.0,0.007049533480604106,0.0,0.0,0.0,0.0,0.0,0.03560410962729537,0.1581463178708588,0.0,0.0,0.0,0.0,0.0,0.0,0.0,0.0,0.0,0.0,0.0,0.057041153456446725,0.0,0.0,0.0,0.0,0.0,0.0,0.0,0.0,0.0,0.0,0.009889067825449942,0.03629151312857025,0.0,0.0,0.0,0.0,0.0,0.0,0.0,0.0,0.0,0.0,0.0,0.0,0.0,0.009185763444521697,0.0,0.0,0.0,0.0,0.0,0.0,0.0,0.0,0.0,0.0,0.0,0.0,0.0,0.0,0.0,0.0,0.0,0.4180143159579732
Gene_183,0.0,0.23746700668244775,0.0,0.0,0.0,0.0,0.0,0.0,0.03124578196743268,0.0,0.0,0.0,0.0,0.0,0.0,0.0,0.8056077562725119,0.0,0.0,0.0,0.0,0.0026669030662637636,0.0,0.0,0.010031415181030606,0.0,0.0,0.0,0.0,0.0,0.0,0.0,0.0,0.0,0.0,0.0,0.016490162252340856,0.0,0.0,0.0,0.0,0.0,0.0,0.0,0.110205288316453,0.0,0.2916052492592838,0.0,0.0,0.0,0.0,0.0,0.0,0.0,0.0,0.0,0.0,0.03817020107414767,0.0,0.0,0.0,0.0,0.0,0.013091909505035488,0.0,0.0,0.0,0.0,0.058196564236495864,0.0,0.0,0.0,0.0,0.0,0.0,0.0,0.0,0.0,0.0,0.0,0.0,0.0,0.0,0.0,0.0,0.0,0.02215093830909161,0.0,0.0,0.0,0.0,0.08389265278896822,0.0,0.0,0.0,0.0,0.0,0.0,0.0,0.0
Gene_184,0.0,0.0,0.0,0.0,0.6023695820141568,0.0,0.0,0.0,0.0,0.0,0.0,0.0,0.0,0.0,0.0,0.0,0.0,0.0,0.0,0.0,0.0,0.0,0.0,0.0,0.0,0.0,0.0,0.0,0.0,0.0,0.0,0.0,0.0,0.0,0.0,0.01843217027483046,0.0,0.0,0.0,0.0,0.0,0.0,0.0,0.0,0.0,0.06504036833062038,0.0,0.0,0.0,0.0,0.0,0.0,0.07256992498798139,0.0,0.0,0.0,0.0,0.0,0.0,0.0,1.0541658346441556,0.0036144633198187037,0.0,0.0,0.6003947017406732,1.1230291719129226,0.0,0.0,0.0,0.0,0.0,0.0,0.11318663551288427,0.0,0.0,0.0,0.0,0.0,0.0,0.0,0.0,0.0,0.0,0.0,0.0,0.7082035818194667,0.0,0.0,0.0,0.0,0.0,0.004347006621909095,0.0,0.0,0.0,0.0,0.0,0.0,0.0,0.0
Gene_185,0.0,0.0,0.0,0.0,0.0,0.0,0.0,0.0,0.0,0.0,0.0,0.04367377763995148,0.0,0.0,0.0,0.0,0.0,0.0,0.3965247008802997,0.0,0.0,0.0,0.019046835470988416,0.0,0.0,0.0,0.0,0.0,0.0,0.0,0.0,0.0,0.0,0.0,0.0,0.0,0.0,0.0,0.0,0.0,0.36664239815522714,0.0,0.0,0.0,0.0,0.0,0.0,0.0,0.0,1.0183365620425764,0.0,0.11790071601925645,0.0,0.0,0.0,0.0,0.0,0.9732615724515121,0.0,0.0,0.0,0.0,0.0,0.0,0.0,0.0,0.0,0.021857242182523506,0.0,0.6861654211054004,0.0,0.0,0.0,0.0,0.0,0.0,0.0,0.0,0.0,0.0,0.0,0.0,0.0,0.03875675861353384,0.0,0.0,0.0,0.0,0.0,0.0,0.0,0.0,0.0,0.0,0.0,0.0,0.0,0.0,0.0,0.060209566887258995
Gene_186,0.0,0.0,0.0,0.14805476059411937,0.14506951430341616,0.0679604017567987,0.9455480742903951,0.0,0.0,0.0339965773417547,0.0,0.03995485275913238,0.0,0.0,0.04298961668366631,0.18307647868020863,0.12705204787865904,0.0,0.03282936920287234,0.0,0.0,0.0,0.015724303425579688,0.0,0.25431112321462834,0.0,0.0,0.25652835830979565,0.2515595684823976,0.0,0.10820499108568406,0.0,0.0,0.023197454074331308,0.0,0.0,0.0,0.0,0.0,0.05858826354249454,0.020694408183568783,0.0,0.0,0.0,0.0066661571477461675,0.23523350009371322,0.0,0.07474789477618962,0.2076798430800925,0.0,0.2016452408971277,0.8163314053552987,0.12142439415009994,0.0,0.03560818192617337,0.0,0.0,0.0,0.0,0.06811064391268323,0.0,0.0,0.0022902919233575686,0.0,0.0,0.12443555083848144,0.0,0.0,0.0,0.0,0.03285263234106637,0.20789025743231893,0.0012962896793641758,0.09578031513510549,0.0,0.33567283537470094,0.0,0.0,0.11278397485803607,0.0,0.13726524568618623,0.04682336687028386,0.03378207654520557,0.0,1.1259330511469976,0.05655615006474979,0.0,0.0,0.026874845907777056,0.0,0.037181040253479694,0.0,0.0,0.0,0.0,0.5547294357661012,0.0,0.0,0.0,0.0
Gene_187,0.13742236199221147,0.0,0.0,0.0,0.04208478478331108,0.0,0.05418540976645914,0.0,0.0,0.0,0.08824489862953755,0.0,0.0,0.0,0.0,0.781773110439379,0.0,0.0,0.0,0.0,0.0,0.0,0.0,0.0,0.0,0.0,0.0,0.0,0.0,0.0,0.0,0.0,0.0,0.0,0.0,0.1730180127147637,0.0,0.0,0.028461749101580842,0.0,0.0,0.0,0.0,0.0,0.0,0.0,0.0,0.0,0.0,0.0,0.0,0.0,0.0,0.0,0.0,0.0,0.0,0.27959172707287605,0.0,0.05179080229662989,0.0,0.0,0.0,0.0,0.0,0.0,0.0033479322131539212,0.0,0.0,0.0,0.0,0.05181699076637217,0.0,0.0,0.0,0.0,0.17323635831988507,0.0,0.0,0.039140587848153684,0.0,0.0,0.0,0.575788266941521,0.0,0.0,0.0,0.014353163758749824,0.0,0.21768789843156494,0.0,0.018131075000070603,0.0,0.0650854197793317,0.0,0.0,0.0,0.0,0.0,0.0
Gene_188,0.0,0.01750808939702898,0.0,0.028136688048090275,0.0,0.0,0.0,0.0,0.0,0.0,0.0,0.0,0.0,0.0,0.0,0.0,0.7721472418068113,0.0,0.0,0.0,0.0,0.0,0.0032185976832265883,0.0,0.0,0.0,0.0,0.1394658715901435,0.010368867468758845,0.0,0.01271587635293063,0.0,0.0,0.0,0.0,0.13445630241633233,0.0,0.0,0.0,0.0,0.0,0.000607556601447392,0.0,0.0,0.0,0.0,0.0,0.0,0.0,0.0,0.0,0.0,0.255447211335103,0.0,0.0,0.0,0.0,0.0,0.0,0.21331741852350103,0.0,0.0,0.08709220445017629,0.0,0.0,0.004113038855317761,0.03617058750062926,0.0,0.0,0.0,0.0,0.0,0.0,0.0,0.01584302757561479,0.0,0.0,0.0,0.0,0.0,0.2262504828320419,0.0,0.0,0.0,0.0,0.0,0.0,0.10568920992741743,0.0,0.07577941730709352,0.0,0.0,0.0,0.0,0.0,0.0,0.0,0.0,0.0,0.0
Gene_189,0.0,0.0,0.0,0.28067863066614684,0.0,0.0,0.0,0.0,0.0,0.0,0.0,0.025980161959481055,0.0,0.0,0.08630249104337451,0.0,0.0,0.0,0.0,0.0,0.0,0.0,0.0,0.0,0.7687373000694194,0.0,0.0,0.21482710357123824,0.18010524124953664,0.0,0.0,0.0,0.0,0.0,0.0,0.0043093533385541605,0.0,0.0,0.0,0.0,0.0,0.0,0.48091447406667354,0.0,0.0,0.0,0.0,0.0,0.0,0.0,0.00022448301192284247,0.0,0.17526280381363285,0.12908631584708558,0.1784035166068748,0.0,0.0,0.0,0.0,0.0,0.0,0.0,0.0,0.0,0.0,0.0029838399784866353,0.0,0.0,0.0,0.0,0.0,0.0,0.0,0.0,0.0,0.0,0.0,0.0,0.0,0.024525643583082166,0.0,0.0,0.0,0.0,0.0,0.0,0.0,0.0,0.0,0.0,0.0,0.0,0.0,0.0,0.0,0.0,0.0,0.0,0.0,0.0
Gene_190,0.0,0.12315081448014624,0.812776100477781,0.0,0.8810925746394388,0.0,0.0,0.0,0.0,0.2524379233393277,0.0,0.1826657359389992,0.0,0.0,0.14504495789837277,0.0,0.0,0.0,0.14035118087841647,0.162046424670875,0.0,0.0,0.0,0.2860590421553232,0.0,0.0,0.0,0.0,0.0,0.0,0.0,0.0,0.0,0.0,0.0,0.0,0.0,0.0,0.3869031953375946,0.0,0.0,0.0,0.0,0.1187221930955705,0.0,0.0027578690360139115,0.0,0.1376480717756617,0.0,0.03530237997078071,0.11146093012040556,0.0,0.0,0.0,0.0,0.22641728169520198,0.0,0.05927470568107655,0.0,0.0,0.0,0.0,0.0,0.0,0.006458321509415671,0.5892324363013407,0.007764422697669407,0.0,0.0,0.14033727904093993,0.26052929966796057,0.004100148430775157,0.0,0.0,0.0,0.0,0.0,0.0,0.006555780761622749,0.09246827758252553,0.0,0.0,0.0,0.1168524868587446,0.0,0.057130040666620314,0.0,0.0,0.0,0.0,0.0,0.13622508945943768,0.0,0.0,0.0,0.0,0.11512591076508018,0.0,0.012440138910013549,0.024826177495079555
Gene_191,0.0,0.0,0.0,0.0,0.0,0.0,0.0,0.0,0.0,0.008887602689381477,0.0,0.0,0.0,0.0,0.45358592924042707,0.0,0.0,0.0,0.0,0.0,0.0,0.0,0.0,0.0,0.0,0.0,0.0,0.0,0.0,0.0,0.0,0.18900838487553095,0.0,0.0,0.0,0.5625880662882485,0.0,0.0,0.0,0.0,0.0,0.0019240064654958819,0.0,0.006997920879668216,0.0,0.0,0.07820299843382045,0.0,0.0,0.0,0.0,0.0,0.0,0.0,0.0,0.0,0.0,0.0,0.0,0.0,0.0,0.0,0.04355904593463609,0.0,0.0,0.0,0.0,0.0,0.0,0.0,0.0,0.0,0.0,0.0,0.0,0.0,0.0,0.0,0.06312573989270306,0.0,0.0,0.0,0.0,0.0,0.0,0.0029719643018956,0.001521157475549781,0.0,0.0,0.0,0.0,0.0,0.0,0.0,0.0,0.0,0.0,0.5071604207982876,0.0,0.0
Gene_192,0.0,0.0,0.0983704967448104,0.0,0.0,0.0,0.0,0.0,0.0,0.0,0.0,0.0,0.0,0.0,0.0,0.0,0.0,0.0,0.0,0.0,0.0,0.0,0.0,0.0,0.0,0.0,0.6400600044380564,0.0,0.0,0.0,0.0,0.0,0.1067767350851016,0.0,0.0,0.2685416657117058,0.0,0.0,0.0,0.0,0.0,0.0,0.0,0.0,0.0,0.0,0.0,0.0,0.0,0.0,0.0,0.0,0.0,0.0,0.0,0.0,0.0,0.0,0.0,0.1007576694012951,0.0,0.0,0.0,0.03759083959880268,0.0,0.0,0.46151031266207837,0.0,0.0,0.0,0.0,0.00862798093117256,0.0,0.0,0.24010792475064996,0.0,0.0,0.0,0.0,1.0624390052827697,0.0,0.0,0.0,0.0,0.0,0.0,0.0,0.0,0.42464749664439644,0.0,0.0,0.0,0.0,0.0,0.0,0.2090314092022302,0.0,0.0,0.0,0.0
Gene_193,0.0,0.0,0.0,0.0,0.018434012290410275,0.0,0.0,0.2580965009102114,0.0,0.0,0.0,0.0,0.12970553524790282,0.0,0.0,0.0,0.0,0.4125141693167999,0.0,0.0,0.0,0.0,0.0,0.2235067262142476,0.0,0.022741519702680086,0.3161996506803112,0.0,0.0,0.0,0.031558178012467734,0.0,0.0,0.010128370554258874,0.0,0.0,0.0,0.0,0.0,0.0,0.0,0.0,0.0,0.0,0.0,0.0,0.0,0.0,0.0,0.0,0.0,0.0,0.0,0.043882747681716155,0.01635519821730217,0.0,0.438565448086826,0.0,0.0,0.0,0.0,0.0,0.0,0.0,0.0,0.0,0.0,0.0,0.16058923370110076,0.0,0.0,0.0,0.0,0.0,0.22568413957867753,0.0,0.0,0.0,0.0,0.0,0.0,0.0,0.0,0.0,0.0,0.0,0.0,0.0,0.0,0.0,0.0,0.0,0.0,0.0,0.0,0.0,0.0,0.0,0.0,0.0
Gene_194,0.0,0.0,0.0072047588783163636,0.0,0.0,0.0,0.0,0.0,0.0,0.0,0.0,0.05918968131732488,0.0,0.0,0.0,0.0,0.02583323394964996,0.0,0.0,0.0,0.0,0.0,0.0,0.0,0.0,0.0,0.0,0.0,0.0,0.0,0.0,0.0,0.0,0.0,0.0,0.0,0.0,0.0,0.25339697819317086,0.0,0.0,0.0,0.0,0.47812246350107607,0.0,0.0,0.0,0.0,0.0,0.0,0.0,0.0,0.0,0.0,0.0,0.0713606232365502,0.0,0.0,0.0,0.0,0.0,0.16491877331516008,0.0,0.0,0.0,0.0,0.0,0.0,0.0,0.0,0.0,0.0,0.0,0.9925760943122462,0.0,0.0,0.0,0.0,0.0,0.0,0.0,0.0,0.0,0.0,0.0,0.0,0.0,0.0,0.0,0.0,0.0,0.0,0.0,0.0,0.0,0.0,0.0,0.0,0.0,0.0
Gene_195,0.0,0.0,0.0,0.0,0.0,0.0,0.0,0.0,0.0,0.0,0.0,0.0,0.0,0.0,0.0,0.15350948615933516,0.0,0.0,0.0,0.0,0.0,0.0,0.0,0.11444965204340299,0.0,0.0,0.0,0.08900646464070569,0.0,0.0,0.002752625647449847,0.0,0.0,0.0,0.0,0.0,0.0,0.0,0.0,0.4481849518620994,0.0,0.0,0.0,0.0,0.0,0.0,0.0,0.0,0.0,0.0,0.0,0.0,0.0,0.0,0.0,0.456686639730689,0.0,0.0,0.0,0.0,0.0,0.0,0.024300733029210386,0.0,0.0,0.0,0.0,0.0,0.0,0.0,0.0,0.05569167575328877,0.0,0.0,0.0,0.0,0.0,0.0,0.0,0.0,0.0,0.0,0.0,0.0,0.0,0.0,0.0,0.0,0.0,0.0,0.0,0.0,0.7989666587117064,0.0,0.0,0.0,0.0,0.0,0.0,0.0
Gene_196,0.0,0.002744683999900541,0.0,0.0,0.0,0.11083833610341609,0.0,0.0,0.0,0.0,0.0,0.0,0.0,0.0,0.3294966930858761,0.0,0.013988982964493636,0.0,0.0,0.0,0.0,0.0,0.0,0.0,0.0,0.0,0.0,0.02006090460251066,0.0,0.0,0.19931593251776977,0.0,0.0,0.0,0.0,0.0,0.0,0.0,0.0,0.0,0.0,0.0,0.03410230362341642,0.0,0.0,0.0,0.0,0.0,0.0,0.0,0.9471278827879405,0.0,0.0,0.0,0.0,0.031131757603013798,0.0,0.0,0.0,0.0,0.0,0.04770519055835136,0.0,0.0,0.0463681191941916,0.0,0.0,0.09075983574503295,0.0,0.0,0.0,0.0,0.0,0.0,0.0,0.0,0.0,0.0,0.0,0.0,0.0,0.0,0.0,0.0,0.0,0.0,0.0,0.0,0.01026239326060745,0.0,0.0,0.0,0.0,0.0,0.06988514567760071,0.0,0.0,0.0,0.0,0.0
Gene_197,0.0,0.0,0.0,0.0,0.0,0.004452463722350277,0.0,0.0,0.0,0.05348421438869421,0.018623992434496906,0.0,0.0,0.0,0.0,0.0,0.04216231882249602,0.0,0.0,0.0011201721068042582,0.0,0.0,0.0,0.13687071393670922,0.0,0.0,0.0,0.0,0.0,0.0,0.0,0.0,0.057214563174156206,0.006139642842416111,0.0,0.07963187956757276,0.0,0.0,0.0,0.0016164828994534198,0.0,0.0,0.18992212612634402,0.06271885700672757,0.0,0.0,0.0,0.0,0.02073452770814923,0.0,0.0,0.0120307506378608,0.0,0.038376728910040764,0.0,0.0,0.0,0.0,0.509118937775027,0.0,0.0,0.16290884415903173,0.0,0.01801132707706456,0.0,0.0,0.0,0.0,0.0,0.020413635146891044,0.0,0.06042926694115619,0.012717349724477425,0.0,0.5868979681369525,0.01019787907888519,0.0863091791589348,0.0,0.0,0.0,0.0,0.0,0.01627066289605745,0.0010123173168329206,0.11721608876375585,0.0,0.0,0.0,0.0,0.03836075768148782,0.0,0.0,0.0,0.04408599474122939,0.0,0.0,0.055581563080291024,0.0,0.0,0.05176431240275882
Gene_198,0.0731680496995726,0.0,0.11611664663177926,0.0,0.029154156605520135,0.0,0.0,0.0,0.0,0.281046777594109,0.42950715912356585,0.0,0.05088657931428771,0.0,0.05891752858163885,0.0,0.0,0.3985659397741336,0.0,0.0,0.0,0.0,0.38542828096562937,0.0,0.01589456132719708,0.004891759388484581,0.0,0.0,0.0,0.0,0.0,0.0438411364818489,0.0,0.02039285701850844,0.0,0.0,0.0,0.0,0.10092567354075971,0.0,0.10227426117136289,0.0,0.0,0.0,0.0,0.0,0.0,0.02813883027165542,0.07247364956982158,0.0,0.0,0.0,0.0,0.11210350279700039,0.0,0.0,0.0,0.0,0.0,0.0,0.0,0.0,0.04257547521469225,0.0,0.0,0.07665049879106657,0.14987987333910854,0.028902808839627144,0.0,0.0,0.010022221511433282,0.0,0.0,0.0,0.0,0.0,0.0,0.0,0.0,0.0,0.0,0.45119046938810003,0.0,0.5086322972482578,0.0,0.0,0.0,0.0,0.0,0.0,0.49499177270956735,0.0,0.0,0.0,0.0,0.0,0.028811587614578325,0.0,0.0,0.35932552027651765
Gene_199,0.0,0.02016973912597212,0.0,0.0,0.012547227345087638,0.0,0.0,0.0,0.0,0.0,0.0,0.0,0.0,0.0,0.0,0.0,0.0,0.0,0.6229897071391558,0.0,0.0,0.0,0.0,0.10220426598462282,0.0,0.0,0.0,0.0,0.038625707523672045,0.0,0.0,0.0,0.0,0.0,0.01715743207977425,0.0,0.0,0.0,0.0,0.0,0.0,0.0,0.0,0.0,0.0,0.08506280707005136,0.0,0.0,0.0,0.0,0.0,0.0,0.0,0.0,0.0,0.0,0.0,0.0,0.0,0.0,0.0,0.0,0.0,0.0,0.0,0.0,0.0,0.0,0.0,0.0,0.0,0.0,0.0,0.0,0.0,0.0,0.0,0.0,0.0,0.0,0.0,0.0,0.0,0.0,0.0,0.34510723035108715,0.0,0.0,0.0,0.0,0.0,0.0,0.0,0.0,0.0,0.0,0.0,0.0,0.0,0.0
